0.000000000000000000e+00,1.000000000000000000e+00,0.000000000000000000e+00
0.000000000000000000e+00,1.000000000000000000e+00,0.000000000000000000e+00
0.000000000000000000e+00,9.997080662129392836e-01,0.000000000000000000e+00
0.000000000000000000e+00,9.991242838641538615e-01,0.000000000000000000e+00
0.000000000000000000e+00,9.982488233794356569e-01,0.000000000000000000e+00
0.000000000000000000e+00,9.970819403352794152e-01,0.000000000000000000e+00
0.000000000000000000e+00,9.956239753842712759e-01,0.000000000000000000e+00
0.000000000000000000e+00,9.938753541556406557e-01,0.000000000000000000e+00
0.000000000000000000e+00,9.918365871310050874e-01,0.000000000000000000e+00
0.000000000000000000e+00,9.895082694953429847e-01,0.000000000000000000e+00
0.000000000000000000e+00,9.868910809632392978e-01,0.000000000000000000e+00
0.000000000000000000e+00,9.839857855804534648e-01,0.000000000000000000e+00
0.000000000000000000e+00,9.807932315008692781e-01,0.000000000000000000e+00
0.000000000000000000e+00,9.773143507388895035e-01,0.000000000000000000e+00
0.000000000000000000e+00,9.735501588973497489e-01,0.000000000000000000e+00
0.000000000000000000e+00,9.695017548710295197e-01,0.000000000000000000e+00
0.000000000000000000e+00,9.651703205258477247e-01,0.000000000000000000e+00
0.000000000000000000e+00,9.605571203538362246e-01,0.000000000000000000e+00
0.000000000000000000e+00,9.556635011039917860e-01,0.000000000000000000e+00
0.000000000000000000e+00,9.504908913891143563e-01,0.000000000000000000e+00
0.000000000000000000e+00,9.450408012687468995e-01,0.000000000000000000e+00
0.000000000000000000e+00,9.393148218083381407e-01,0.000000000000000000e+00
0.000000000000000000e+00,9.333146246147566716e-01,0.000000000000000000e+00
0.000000000000000000e+00,9.270419613482923094e-01,0.000000000000000000e+00
0.000000000000000000e+00,9.204986632112872602e-01,0.000000000000000000e+00
0.000000000000000000e+00,9.136866404135466357e-01,0.000000000000000000e+00
0.000000000000000000e+00,9.066078816146833086e-01,0.000000000000000000e+00
0.000000000000000000e+00,8.992644533435610876e-01,0.000000000000000000e+00
0.000000000000000000e+00,8.916584993950051885e-01,0.000000000000000000e+00
0.000000000000000000e+00,8.837922402039560810e-01,0.000000000000000000e+00
0.000000000000000000e+00,8.756679721972493446e-01,0.000000000000000000e+00
0.000000000000000000e+00,8.672880671232112704e-01,0.000000000000000000e+00
0.000000000000000000e+00,8.586549713592653843e-01,0.000000000000000000e+00
0.000000000000000000e+00,8.497712051977520664e-01,0.000000000000000000e+00
0.000000000000000000e+00,8.406393621101702074e-01,0.000000000000000000e+00
0.000000000000000000e+00,8.312621079900551768e-01,0.000000000000000000e+00
0.000000000000000000e+00,8.216421803747145924e-01,0.000000000000000000e+00
0.000000000000000000e+00,8.117823876460483756e-01,0.000000000000000000e+00
0.000000000000000000e+00,8.016856082106874615e-01,0.000000000000000000e+00
0.000000000000000000e+00,7.913547896596895281e-01,0.000000000000000000e+00
0.000000000000000000e+00,7.807929479080375490e-01,0.000000000000000000e+00
0.000000000000000000e+00,7.700031663141925220e-01,0.000000000000000000e+00
0.000000000000000000e+00,7.589885947799566157e-01,0.000000000000000000e+00
0.000000000000000000e+00,7.477524488309107431e-01,0.000000000000000000e+00
0.000000000000000000e+00,7.362980086776936828e-01,0.000000000000000000e+00
0.000000000000000000e+00,7.246286182583980828e-01,0.000000000000000000e+00
0.000000000000000000e+00,7.127476842623617914e-01,0.000000000000000000e+00
0.000000000000000000e+00,7.006586751356399523e-01,0.000000000000000000e+00
0.000000000000000000e+00,6.883651200684488547e-01,0.000000000000000000e+00
0.000000000000000000e+00,6.758706079648756360e-01,0.000000000000000000e+00
0.000000000000000000e+00,6.631787863951562612e-01,0.000000000000000000e+00
0.000000000000000000e+00,6.502933605308262033e-01,0.000000000000000000e+00
0.000000000000000000e+00,6.372180920630559076e-01,0.000000000000000000e+00
0.000000000000000000e+00,6.239567981044861211e-01,0.000000000000000000e+00
0.000000000000000000e+00,6.105133500748833875e-01,0.000000000000000000e+00
0.000000000000000000e+00,5.968916725709421112e-01,0.000000000000000000e+00
0.000000000000000000e+00,5.830957422205622631e-01,0.000000000000000000e+00
0.000000000000000000e+00,5.691295865219369032e-01,0.000000000000000000e+00
0.000000000000000000e+00,5.549972826677899151e-01,0.000000000000000000e+00
0.000000000000000000e+00,5.407029563551053464e-01,0.000000000000000000e+00
0.000000000000000000e+00,5.262507805806970751e-01,0.000000000000000000e+00
0.000000000000000000e+00,5.116449744229703001e-01,0.000000000000000000e+00
0.000000000000000000e+00,4.968898018102295699e-01,0.000000000000000000e+00
0.000000000000000000e+00,4.819895702758945633e-01,0.000000000000000000e+00
0.000000000000000000e+00,4.669486297009851627e-01,0.000000000000000000e+00
0.000000000000000000e+00,4.517713710442443076e-01,0.000000000000000000e+00
0.000000000000000000e+00,4.364622250602688824e-01,0.000000000000000000e+00
0.000000000000000000e+00,4.210256610060226778e-01,0.000000000000000000e+00
0.000000000000000000e+00,4.054661853361092305e-01,0.000000000000000000e+00
0.000000000000000000e+00,3.897883403871855723e-01,0.000000000000000000e+00
0.000000000000000000e+00,3.739967030519005808e-01,0.000000000000000000e+00
0.000000000000000000e+00,3.580958834427453996e-01,0.000000000000000000e+00
0.000000000000000000e+00,3.420905235462059490e-01,0.000000000000000000e+00
0.000000000000000000e+00,3.259852958676100476e-01,0.000000000000000000e+00
0.000000000000000000e+00,3.097849020670654374e-01,0.000000000000000000e+00
0.000000000000000000e+00,2.934940715868861183e-01,0.000000000000000000e+00
0.000000000000000000e+00,2.771175602709085584e-01,0.000000000000000000e+00
0.000000000000000000e+00,2.606601489761001256e-01,0.000000000000000000e+00
0.000000000000000000e+00,2.441266421768652772e-01,0.000000000000000000e+00
0.000000000000000000e+00,2.275218665624573200e-01,0.000000000000000000e+00
0.000000000000000000e+00,2.108506696279046633e-01,0.000000000000000000e+00
0.000000000000000000e+00,1.941179182588632368e-01,0.000000000000000000e+00
0.000000000000000000e+00,1.773284973108081586e-01,0.000000000000000000e+00
0.000000000000000000e+00,1.604873081829793491e-01,0.000000000000000000e+00
0.000000000000000000e+00,1.435992673874975090e-01,0.000000000000000000e+00
0.000000000000000000e+00,1.266693051140680981e-01,0.000000000000000000e+00
0.000000000000000000e+00,1.097023637906923837e-01,0.000000000000000000e+00
0.000000000000000000e+00,9.270339664080573527e-02,0.000000000000000000e+00
0.000000000000000000e+00,7.567736623726434297e-02,0.000000000000000000e+00
0.000000000000000000e+00,5.862924305360252275e-02,0.000000000000000000e+00
0.000000000000000000e+00,4.156400401298356723e-02,0.000000000000000000e+00
0.000000000000000000e+00,2.448663103526769677e-02,0.000000000000000000e+00
0.000000000000000000e+00,7.402109582621340528e-03,0.000000000000000000e+00
0.000000000000000000e+00,-9.684572795907706727e-03,0.000000000000000000e+00
0.000000000000000000e+00,-2.676842792042438343e-02,0.000000000000000000e+00
0.000000000000000000e+00,-4.384446843640458363e-02,0.000000000000000000e+00
0.000000000000000000e+00,-6.090770927067248180e-02,0.000000000000000000e+00
0.000000000000000000e+00,-7.795316908671179323e-02,0.000000000000000000e+00
0.000000000000000000e+00,-9.497587173888624723e-02,0.000000000000000000e+00
0.000000000000000000e+00,-1.119708477251445677e-01,0.000000000000000000e+00
0.000000000000000000e+00,-1.289331356377860782e-01,0.000000000000000000e+00
0.000000000000000000e+00,-1.458577836118632454e-01,0.000000000000000000e+00
0.000000000000000000e+00,-1.627398507707983333e-01,0.000000000000000000e+00
0.000000000000000000e+00,-1.795744086687922070e-01,0.000000000000000000e+00
0.000000000000000000e+00,-1.963565427296042054e-01,0.000000000000000000e+00
0.000000000000000000e+00,-2.130813536812830034e-01,0.000000000000000000e+00
0.000000000000000000e+00,-2.297439589864296028e-01,0.000000000000000000e+00
0.000000000000000000e+00,-2.463394942675749544e-01,0.000000000000000000e+00
0.000000000000000000e+00,-2.628631147272561530e-01,0.000000000000000000e+00
0.000000000000000000e+00,-2.793099965623764280e-01,0.000000000000000000e+00
0.000000000000000000e+00,-2.956753383724363693e-01,0.000000000000000000e+00
0.000000000000000000e+00,-3.119543625612247739e-01,0.000000000000000000e+00
0.000000000000000000e+00,-3.281423167315605793e-01,0.000000000000000000e+00
0.000000000000000000e+00,-3.442344750726780700e-01,0.000000000000000000e+00
0.000000000000000000e+00,-3.602261397398507370e-01,0.000000000000000000e+00
0.000000000000000000e+00,-3.761126422258508906e-01,0.000000000000000000e+00
0.000000000000000000e+00,-3.918893447238446237e-01,0.000000000000000000e+00
0.000000000000000000e+00,-4.075516414813243893e-01,0.000000000000000000e+00
0.000000000000000000e+00,-4.230949601446836739e-01,0.000000000000000000e+00
0.000000000000000000e+00,-4.385147630940416374e-01,0.000000000000000000e+00
0.000000000000000000e+00,-4.538065487679275312e-01,0.000000000000000000e+00
0.000000000000000000e+00,-4.689658529774386464e-01,0.000000000000000000e+00
0.000000000000000000e+00,-4.839882502094878802e-01,0.000000000000000000e+00
0.000000000000000000e+00,-4.988693549187605547e-01,0.000000000000000000e+00
0.000000000000000000e+00,-5.136048228080032363e-01,0.000000000000000000e+00
0.000000000000000000e+00,-5.281903520962709653e-01,0.000000000000000000e+00
0.000000000000000000e+00,-5.426216847747622474e-01,0.000000000000000000e+00
0.000000000000000000e+00,-5.568946078498759888e-01,0.000000000000000000e+00
0.000000000000000000e+00,-5.710049545731264997e-01,0.000000000000000000e+00
0.000000000000000000e+00,-5.849486056575580184e-01,0.000000000000000000e+00
0.000000000000000000e+00,-5.987214904803039861e-01,0.000000000000000000e+00
0.000000000000000000e+00,-6.123195882709394633e-01,0.000000000000000000e+00
0.000000000000000000e+00,-6.257389292852795215e-01,0.000000000000000000e+00
0.000000000000000000e+00,-6.389755959642819949e-01,0.000000000000000000e+00
0.000000000000000000e+00,-6.520257240777151964e-01,0.000000000000000000e+00
0.000000000000000000e+00,-6.648855038522574201e-01,0.000000000000000000e+00
0.000000000000000000e+00,-6.775511810836982729e-01,0.000000000000000000e+00
0.000000000000000000e+00,-6.900190582329178701e-01,0.000000000000000000e+00
0.000000000000000000e+00,-7.022854955053234871e-01,0.000000000000000000e+00
0.000000000000000000e+00,-7.143469119134284728e-01,0.000000000000000000e+00
0.000000000000000000e+00,-7.261997863222634519e-01,0.000000000000000000e+00
0.000000000000000000e+00,-7.378406584773146148e-01,0.000000000000000000e+00
0.000000000000000000e+00,-7.492661300146891135e-01,0.000000000000000000e+00
0.000000000000000000e+00,-7.604728654532121324e-01,0.000000000000000000e+00
0.000000000000000000e+00,-7.714575931681665333e-01,0.000000000000000000e+00
0.000000000000000000e+00,-7.822171063463905227e-01,0.000000000000000000e+00
0.000000000000000000e+00,-7.927482639224551209e-01,0.000000000000000000e+00
0.000000000000000000e+00,-8.030479914956470955e-01,0.000000000000000000e+00
0.000000000000000000e+00,-8.131132822274902416e-01,0.000000000000000000e+00
0.000000000000000000e+00,-8.229411977195433270e-01,0.000000000000000000e+00
0.000000000000000000e+00,-8.325288688712179086e-01,0.000000000000000000e+00
0.000000000000000000e+00,-8.418734967173654438e-01,0.000000000000000000e+00
0.000000000000000000e+00,-8.509723532453903339e-01,0.000000000000000000e+00
0.000000000000000000e+00,-8.598227821916483160e-01,0.000000000000000000e+00
0.000000000000000000e+00,-8.684221998168999423e-01,0.000000000000000000e+00
0.000000000000000000e+00,-8.767680956605914400e-01,0.000000000000000000e+00
0.000000000000000000e+00,-8.848580332737426835e-01,0.000000000000000000e+00
0.000000000000000000e+00,-8.926896509302292282e-01,0.000000000000000000e+00
0.000000000000000000e+00,-9.002606623162497934e-01,0.000000000000000000e+00
0.000000000000000000e+00,-9.075688571977786889e-01,0.000000000000000000e+00
0.000000000000000000e+00,-9.146121020658074530e-01,0.000000000000000000e+00
0.000000000000000000e+00,-9.213883407591885177e-01,0.000000000000000000e+00
0.000000000000000000e+00,-9.278955950648981599e-01,0.000000000000000000e+00
0.000000000000000000e+00,-9.341319652955435426e-01,0.000000000000000000e+00
0.000000000000000000e+00,-9.400956308439457620e-01,0.000000000000000000e+00
0.000000000000000000e+00,-9.457848507146364714e-01,0.000000000000000000e+00
0.000000000000000000e+00,-9.511979640321134299e-01,0.000000000000000000e+00
0.000000000000000000e+00,-9.563333905257059842e-01,0.000000000000000000e+00
0.000000000000000000e+00,-9.611896309909098157e-01,0.000000000000000000e+00
0.000000000000000000e+00,-9.657652677270549546e-01,0.000000000000000000e+00
0.000000000000000000e+00,-9.700589649511808243e-01,0.000000000000000000e+00
0.000000000000000000e+00,-9.740694691879963063e-01,0.000000000000000000e+00
0.000000000000000000e+00,-9.777956096358114690e-01,0.000000000000000000e+00
0.000000000000000000e+00,-9.812362985083343814e-01,0.000000000000000000e+00
0.000000000000000000e+00,-9.843905313522323119e-01,0.000000000000000000e+00
0.000000000000000000e+00,-9.872573873403658329e-01,0.000000000000000000e+00
0.000000000000000000e+00,-9.898360295406094522e-01,0.000000000000000000e+00
0.000000000000000000e+00,-9.921257051601800603e-01,0.000000000000000000e+00
0.000000000000000000e+00,-9.941257457654030238e-01,0.000000000000000000e+00
0.000000000000000000e+00,-9.958355674768500920e-01,0.000000000000000000e+00
0.000000000000000000e+00,-9.972546711397939356e-01,0.000000000000000000e+00
0.000000000000000000e+00,-9.983826424699279167e-01,0.000000000000000000e+00
0.000000000000000000e+00,-9.992191521743100102e-01,0.000000000000000000e+00
0.000000000000000000e+00,-9.997639560474942400e-01,0.000000000000000000e+00
0.000000000000000000e+00,-1.000016895042822762e+00,0.000000000000000000e+00
0.000000000000000000e+00,-9.999778953188566133e-01,0.000000000000000000e+00
0.000000000000000000e+00,-9.996469682609330221e-01,0.000000000000000000e+00
0.000000000000000000e+00,-9.990242104778412902e-01,0.000000000000000000e+00
0.000000000000000000e+00,-9.981098037736194639e-01,0.000000000000000000e+00
0.000000000000000000e+00,-9.969040150944795675e-01,0.000000000000000000e+00
0.000000000000000000e+00,-9.954071964508770520e-01,0.000000000000000000e+00
0.000000000000000000e+00,-9.936197848147472200e-01,0.000000000000000000e+00
0.000000000000000000e+00,-9.915423019919379355e-01,0.000000000000000000e+00
0.000000000000000000e+00,-9.891753544698772549e-01,0.000000000000000000e+00
0.000000000000000000e+00,-9.865196332405190560e-01,0.000000000000000000e+00
0.000000000000000000e+00,-9.835759135986191781e-01,0.000000000000000000e+00
0.000000000000000000e+00,-9.803450549154006932e-01,0.000000000000000000e+00
0.000000000000000000e+00,-9.768280003876745887e-01,0.000000000000000000e+00
0.000000000000000000e+00,-9.730257767624883591e-01,0.000000000000000000e+00
0.000000000000000000e+00,-9.689394940373841081e-01,0.000000000000000000e+00
0.000000000000000000e+00,-9.645703451363528691e-01,0.000000000000000000e+00
0.000000000000000000e+00,-9.599196055615795142e-01,0.000000000000000000e+00
0.000000000000000000e+00,-9.549886330210807239e-01,0.000000000000000000e+00
0.000000000000000000e+00,-9.497788670323441540e-01,0.000000000000000000e+00
0.000000000000000000e+00,-9.442918285020845959e-01,0.000000000000000000e+00
0.000000000000000000e+00,-9.385291192822399209e-01,0.000000000000000000e+00
0.000000000000000000e+00,-9.324924217023363715e-01,0.000000000000000000e+00
0.000000000000000000e+00,-9.261834980783598681e-01,0.000000000000000000e+00
0.000000000000000000e+00,-9.196041901982762168e-01,0.000000000000000000e+00
0.000000000000000000e+00,-9.127564187843510979e-01,0.000000000000000000e+00
0.000000000000000000e+00,-9.056421829324262651e-01,0.000000000000000000e+00
0.000000000000000000e+00,-8.982635595283160468e-01,0.000000000000000000e+00
0.000000000000000000e+00,-8.906227026414941239e-01,0.000000000000000000e+00
0.000000000000000000e+00,-8.827218428962477770e-01,0.000000000000000000e+00
0.000000000000000000e+00,-8.745632868204834542e-01,0.000000000000000000e+00
0.000000000000000000e+00,-8.661494161723733987e-01,0.000000000000000000e+00
0.000000000000000000e+00,-8.574826872450397319e-01,0.000000000000000000e+00
0.000000000000000000e+00,-8.485656301494796105e-01,0.000000000000000000e+00
0.000000000000000000e+00,-8.394008480759403978e-01,0.000000000000000000e+00
0.000000000000000000e+00,-8.299910165339603463e-01,0.000000000000000000e+00
0.000000000000000000e+00,-8.203388825712971677e-01,0.000000000000000000e+00
0.000000000000000000e+00,-8.104472639719718652e-01,0.000000000000000000e+00
0.000000000000000000e+00,-8.003190484336621946e-01,0.000000000000000000e+00
0.000000000000000000e+00,-7.899571927246864522e-01,0.000000000000000000e+00
0.000000000000000000e+00,-7.793647218208227256e-01,0.000000000000000000e+00
0.000000000000000000e+00,-7.685447280222162947e-01,0.000000000000000000e+00
0.000000000000000000e+00,-7.575003700506328652e-01,0.000000000000000000e+00
0.000000000000000000e+00,-7.462348721273206476e-01,0.000000000000000000e+00
0.000000000000000000e+00,-7.347515230317515078e-01,0.000000000000000000e+00
0.000000000000000000e+00,-7.230536751415150842e-01,0.000000000000000000e+00
0.000000000000000000e+00,-7.111447434536464218e-01,0.000000000000000000e+00
0.000000000000000000e+00,-6.990282045876730077e-01,0.000000000000000000e+00
0.000000000000000000e+00,-6.867075957706720857e-01,0.000000000000000000e+00
0.000000000000000000e+00,-6.741865138046344574e-01,0.000000000000000000e+00
0.000000000000000000e+00,-6.614686140164365291e-01,0.000000000000000000e+00
0.000000000000000000e+00,-6.485576091907270246e-01,0.000000000000000000e+00
0.000000000000000000e+00,-6.354572684860394505e-01,0.000000000000000000e+00
0.000000000000000000e+00,-6.221714163344475024e-01,0.000000000000000000e+00
0.000000000000000000e+00,-6.087039313250840467e-01,0.000000000000000000e+00
0.000000000000000000e+00,-5.950587450718500815e-01,0.000000000000000000e+00
0.000000000000000000e+00,-5.812398410656437475e-01,0.000000000000000000e+00
0.000000000000000000e+00,-5.672512535114445642e-01,0.000000000000000000e+00
0.000000000000000000e+00,-5.530970661505928421e-01,0.000000000000000000e+00
0.000000000000000000e+00,-5.387814110686075519e-01,0.000000000000000000e+00
0.000000000000000000e+00,-5.243084674888911501e-01,0.000000000000000000e+00
0.000000000000000000e+00,-5.096824605526726337e-01,0.000000000000000000e+00
0.000000000000000000e+00,-4.949076600855465968e-01,0.000000000000000000e+00
0.000000000000000000e+00,-4.799883793509664431e-01,0.000000000000000000e+00
0.000000000000000000e+00,-4.649289737910571874e-01,0.000000000000000000e+00
0.000000000000000000e+00,-4.497338397551148836e-01,0.000000000000000000e+00
0.000000000000000000e+00,-4.344074132161634960e-01,0.000000000000000000e+00
0.000000000000000000e+00,-4.189541684759446882e-01,0.000000000000000000e+00
0.000000000000000000e+00,-4.033786168587177867e-01,0.000000000000000000e+00
0.000000000000000000e+00,-3.876853053942520555e-01,0.000000000000000000e+00
0.000000000000000000e+00,-3.718788154903947540e-01,0.000000000000000000e+00
0.000000000000000000e+00,-3.559637615956037227e-01,0.000000000000000000e+00
0.000000000000000000e+00,-3.399447898518336841e-01,0.000000000000000000e+00
0.000000000000000000e+00,-3.238265767381706128e-01,0.000000000000000000e+00
0.000000000000000000e+00,-3.076138277056094661e-01,0.000000000000000000e+00
0.000000000000000000e+00,-2.913112758033740146e-01,0.000000000000000000e+00
0.000000000000000000e+00,-2.749236802971797844e-01,0.000000000000000000e+00
0.000000000000000000e+00,-2.584558252798437317e-01,0.000000000000000000e+00
0.000000000000000000e+00,-2.419125182746458269e-01,0.000000000000000000e+00
0.000000000000000000e+00,-2.252985888318506102e-01,0.000000000000000000e+00
0.000000000000000000e+00,-2.086188871187982796e-01,0.000000000000000000e+00
0.000000000000000000e+00,-1.918782825039769546e-01,0.000000000000000000e+00
0.000000000000000000e+00,-1.750816621354895353e-01,0.000000000000000000e+00
0.000000000000000000e+00,-1.582339295143300184e-01,0.000000000000000000e+00
0.000000000000000000e+00,-1.413400030628858828e-01,0.000000000000000000e+00
0.000000000000000000e+00,-1.244048146890844309e-01,0.000000000000000000e+00
0.000000000000000000e+00,-1.074333083466021965e-01,0.000000000000000000e+00
0.000000000000000000e+00,-9.043043859155788788e-02,0.000000000000000000e+00
0.000000000000000000e+00,-7.340116913610997273e-02,0.000000000000000000e+00
0.000000000000000000e+00,-5.635047139938147848e-02,0.000000000000000000e+00
0.000000000000000000e+00,-3.928332305613470299e-02,0.000000000000000000e+00
0.000000000000000000e+00,-2.220470658361982375e-02,0.000000000000000000e+00
0.000000000000000000e+00,-5.119607807021416684e-03,0.000000000000000000e+00
0.000000000000000000e+00,1.196698555607236467e-02,0.000000000000000000e+00
0.000000000000000000e+00,2.905008535175306050e-02,0.000000000000000000e+00
0.000000000000000000e+00,4.612470444600257763e-02,0.000000000000000000e+00
0.000000000000000000e+00,6.318585818060612480e-02,0.000000000000000000e+00
0.000000000000000000e+00,8.022856582834231309e-02,0.000000000000000000e+00
0.000000000000000000e+00,9.724785204702579566e-02,0.000000000000000000e+00
0.000000000000000000e+00,1.142387483319776686e-01,0.000000000000000000e+00
0.000000000000000000e+00,1.311962944664999131e-01,0.000000000000000000e+00
0.000000000000000000e+00,1.481155399699302100e-01,0.000000000000000000e+00
0.000000000000000000e+00,1.649915455428545563e-01,0.000000000000000000e+00
0.000000000000000000e+00,1.818193845090555760e-01,0.000000000000000000e+00
0.000000000000000000e+00,1.985941442537758062e-01,0.000000000000000000e+00
0.000000000000000000e+00,2.153109276578759612e-01,0.000000000000000000e+00
0.000000000000000000e+00,2.319648545274693718e-01,0.000000000000000000e+00
0.000000000000000000e+00,2.485510630186155978e-01,0.000000000000000000e+00
0.000000000000000000e+00,2.650647110566568543e-01,0.000000000000000000e+00
0.000000000000000000e+00,2.815009777497831656e-01,0.000000000000000000e+00
0.000000000000000000e+00,2.978550647964136600e-01,0.000000000000000000e+00
0.000000000000000000e+00,3.141221978859829456e-01,0.000000000000000000e+00
0.000000000000000000e+00,3.302976280927235608e-01,0.000000000000000000e+00
0.000000000000000000e+00,3.463766332620378807e-01,0.000000000000000000e+00
0.000000000000000000e+00,3.623545193890546634e-01,0.000000000000000000e+00
0.000000000000000000e+00,3.782266219889676151e-01,0.000000000000000000e+00
0.000000000000000000e+00,3.939883074587561818e-01,0.000000000000000000e+00
0.000000000000000000e+00,4.096349744298906637e-01,0.000000000000000000e+00
0.000000000000000000e+00,4.251620551116273017e-01,0.000000000000000000e+00
0.000000000000000000e+00,4.405650166245007049e-01,0.000000000000000000e+00
0.000000000000000000e+00,4.558393623236244308e-01,0.000000000000000000e+00
0.000000000000000000e+00,4.709806331114136935e-01,0.000000000000000000e+00
0.000000000000000000e+00,4.859844087393464518e-01,0.000000000000000000e+00
0.000000000000000000e+00,5.008463090983834576e-01,0.000000000000000000e+00
0.000000000000000000e+00,5.155619954976700114e-01,0.000000000000000000e+00
0.000000000000000000e+00,5.301271719311463348e-01,0.000000000000000000e+00
0.000000000000000000e+00,5.445375863316970211e-01,0.000000000000000000e+00
0.000000000000000000e+00,5.587890318124729694e-01,0.000000000000000000e+00
0.000000000000000000e+00,5.728773478950239806e-01,0.000000000000000000e+00
0.000000000000000000e+00,5.867984217238826350e-01,0.000000000000000000e+00
0.000000000000000000e+00,6.005481892672461797e-01,0.000000000000000000e+00
0.000000000000000000e+00,6.141226365034044843e-01,0.000000000000000000e+00
0.000000000000000000e+00,6.275178005925686753e-01,0.000000000000000000e+00
0.000000000000000000e+00,6.407297710337578334e-01,0.000000000000000000e+00
0.000000000000000000e+00,6.537546908064065798e-01,0.000000000000000000e+00
0.000000000000000000e+00,6.665887574963594853e-01,0.000000000000000000e+00
0.000000000000000000e+00,6.792282244059244523e-01,0.000000000000000000e+00
0.000000000000000000e+00,6.916694016476599982e-01,0.000000000000000000e+00
0.000000000000000000e+00,7.039086572215785820e-01,0.000000000000000000e+00
0.000000000000000000e+00,7.159424180754495604e-01,0.000000000000000000e+00
0.000000000000000000e+00,7.277671711478943539e-01,0.000000000000000000e+00
0.000000000000000000e+00,7.393794643939675115e-01,0.000000000000000000e+00
0.000000000000000000e+00,7.507759077929252456e-01,0.000000000000000000e+00
0.000000000000000000e+00,7.619531743378870070e-01,0.000000000000000000e+00
0.000000000000000000e+00,7.729080010071014417e-01,0.000000000000000000e+00
0.000000000000000000e+00,7.836371897165322897e-01,0.000000000000000000e+00
0.000000000000000000e+00,7.941376082534875591e-01,0.000000000000000000e+00
0.000000000000000000e+00,8.044061911910180829e-01,0.000000000000000000e+00
0.000000000000000000e+00,8.144399407828191162e-01,0.000000000000000000e+00
0.000000000000000000e+00,8.242359278383739607e-01,0.000000000000000000e+00
0.000000000000000000e+00,8.337912925780833762e-01,0.000000000000000000e+00
0.000000000000000000e+00,8.431032454681322008e-01,0.000000000000000000e+00
0.000000000000000000e+00,8.521690680348483760e-01,0.000000000000000000e+00
0.000000000000000000e+00,8.609861136583171204e-01,0.000000000000000000e+00
0.000000000000000000e+00,8.695518083450188840e-01,0.000000000000000000e+00
0.000000000000000000e+00,8.778636514792650392e-01,0.000000000000000000e+00
0.000000000000000000e+00,8.859192165532119301e-01,0.000000000000000000e+00
0.000000000000000000e+00,8.937161518752405609e-01,0.000000000000000000e+00
0.000000000000000000e+00,9.012521812564948664e-01,0.000000000000000000e+00
0.000000000000000000e+00,9.085251046753782811e-01,0.000000000000000000e+00
0.000000000000000000e+00,9.155327989198140948e-01,0.000000000000000000e+00
0.000000000000000000e+00,9.222732182070828566e-01,0.000000000000000000e+00
0.000000000000000000e+00,9.287443947810557487e-01,0.000000000000000000e+00
0.000000000000000000e+00,9.349444394866488484e-01,0.000000000000000000e+00
0.000000000000000000e+00,9.408715423213311890e-01,0.000000000000000000e+00
0.000000000000000000e+00,9.465239729635260835e-01,0.000000000000000000e+00
0.000000000000000000e+00,9.519000812777499432e-01,0.000000000000000000e+00
0.000000000000000000e+00,9.569982977963430448e-01,0.000000000000000000e+00
0.000000000000000000e+00,9.618171341776498018e-01,0.000000000000000000e+00
0.000000000000000000e+00,9.663551836405160911e-01,0.000000000000000000e+00
0.000000000000000000e+00,9.706111213749765154e-01,0.000000000000000000e+00
0.000000000000000000e+00,9.745837049290106968e-01,0.000000000000000000e+00
0.000000000000000000e+00,9.782717745712572466e-01,0.000000000000000000e+00
0.000000000000000000e+00,9.816742536295786081e-01,0.000000000000000000e+00
0.000000000000000000e+00,9.847901488053778518e-01,0.000000000000000000e+00
0.000000000000000000e+00,9.876185504635762724e-01,0.000000000000000000e+00
0.000000000000000000e+00,9.901586328981664131e-01,0.000000000000000000e+00
0.000000000000000000e+00,9.924096545732637997e-01,0.000000000000000000e+00
0.000000000000000000e+00,9.943709583395859974e-01,0.000000000000000000e+00
0.000000000000000000e+00,9.960419716262969292e-01,0.000000000000000000e+00
0.000000000000000000e+00,9.974222066081595006e-01,0.000000000000000000e+00
0.000000000000000000e+00,9.985112603479485704e-01,0.000000000000000000e+00
0.000000000000000000e+00,9.993088149140814114e-01,0.000000000000000000e+00
0.000000000000000000e+00,9.998146374734332431e-01,0.000000000000000000e+00
0.000000000000000000e+00,1.000028580359308750e+00,0.000000000000000000e+00
0.000000000000000000e+00,9.999505811145510403e-01,0.000000000000000000e+00
0.000000000000000000e+00,9.995806625097749532e-01,0.000000000000000000e+00
0.000000000000000000e+00,9.989189325367197059e-01,0.000000000000000000e+00
0.000000000000000000e+00,9.979655843767224477e-01,0.000000000000000000e+00
0.000000000000000000e+00,9.967208963443218162e-01,0.000000000000000000e+00
0.000000000000000000e+00,9.951852318060088187e-01,0.000000000000000000e+00
0.000000000000000000e+00,9.933590390741477982e-01,0.000000000000000000e+00
0.000000000000000000e+00,9.912428512760987909e-01,0.000000000000000000e+00
0.000000000000000000e+00,9.888372861985799123e-01,0.000000000000000000e+00
0.000000000000000000e+00,9.861430461073142917e-01,0.000000000000000000e+00
0.000000000000000000e+00,9.831609175420149560e-01,0.000000000000000000e+00
0.000000000000000000e+00,9.798917710867675046e-01,0.000000000000000000e+00
0.000000000000000000e+00,9.763365611158770774e-01,0.000000000000000000e+00
0.000000000000000000e+00,9.724963255152542230e-01,0.000000000000000000e+00
0.000000000000000000e+00,9.683721853794210466e-01,0.000000000000000000e+00
0.000000000000000000e+00,9.639653446842257889e-01,0.000000000000000000e+00
0.000000000000000000e+00,9.592770899353615377e-01,0.000000000000000000e+00
0.000000000000000000e+00,9.543087897927918783e-01,0.000000000000000000e+00
0.000000000000000000e+00,9.490618946711927295e-01,0.000000000000000000e+00
0.000000000000000000e+00,9.435379363165271593e-01,0.000000000000000000e+00
0.000000000000000000e+00,9.377385273588773051e-01,0.000000000000000000e+00
0.000000000000000000e+00,9.316653608416628485e-01,0.000000000000000000e+00
0.000000000000000000e+00,9.253202097273846016e-01,0.000000000000000000e+00
0.000000000000000000e+00,9.187049263800367571e-01,0.000000000000000000e+00
0.000000000000000000e+00,9.118214420243394569e-01,0.000000000000000000e+00
0.000000000000000000e+00,9.046717661819487777e-01,0.000000000000000000e+00
0.000000000000000000e+00,8.972579860848097777e-01,0.000000000000000000e+00
0.000000000000000000e+00,8.895822660658225800e-01,0.000000000000000000e+00
0.000000000000000000e+00,8.816468469270006825e-01,0.000000000000000000e+00
0.000000000000000000e+00,8.734540452853052361e-01,0.000000000000000000e+00
0.000000000000000000e+00,8.650062528963461395e-01,0.000000000000000000e+00
0.000000000000000000e+00,8.563059359561477901e-01,0.000000000000000000e+00
0.000000000000000000e+00,8.473556343811832203e-01,0.000000000000000000e+00
0.000000000000000000e+00,8.381579610668865588e-01,0.000000000000000000e+00
0.000000000000000000e+00,8.287156011248605347e-01,0.000000000000000000e+00
0.000000000000000000e+00,8.190313110990018464e-01,0.000000000000000000e+00
0.000000000000000000e+00,8.091079181607726545e-01,0.000000000000000000e+00
0.000000000000000000e+00,7.989483192838540138e-01,0.000000000000000000e+00
0.000000000000000000e+00,7.885554803984210492e-01,0.000000000000000000e+00
0.000000000000000000e+00,7.779324355252879020e-01,0.000000000000000000e+00
0.000000000000000000e+00,7.670822858901744645e-01,0.000000000000000000e+00
0.000000000000000000e+00,7.560081990183539213e-01,0.000000000000000000e+00
0.000000000000000000e+00,7.447134078099449939e-01,0.000000000000000000e+00
0.000000000000000000e+00,7.332012095961192299e-01,0.000000000000000000e+00
0.000000000000000000e+00,7.214749651764985616e-01,0.000000000000000000e+00
0.000000000000000000e+00,7.095380978380244619e-01,0.000000000000000000e+00
0.000000000000000000e+00,6.973940923555845828e-01,0.000000000000000000e+00
0.000000000000000000e+00,6.850464939746896409e-01,0.000000000000000000e+00
0.000000000000000000e+00,6.724989073764959802e-01,0.000000000000000000e+00
0.000000000000000000e+00,6.597549956254776804e-01,0.000000000000000000e+00
0.000000000000000000e+00,6.468184791000541889e-01,0.000000000000000000e+00
0.000000000000000000e+00,6.336931344064862248e-01,0.000000000000000000e+00
0.000000000000000000e+00,6.203827932763565922e-01,0.000000000000000000e+00
0.000000000000000000e+00,6.068913414479584212e-01,0.000000000000000000e+00
0.000000000000000000e+00,5.932227175319170209e-01,0.000000000000000000e+00
0.000000000000000000e+00,5.793809118613760800e-01,0.000000000000000000e+00
0.000000000000000000e+00,5.653699653270847225e-01,0.000000000000000000e+00
0.000000000000000000e+00,5.511939681977250372e-01,0.000000000000000000e+00
0.000000000000000000e+00,5.368570589258243597e-01,0.000000000000000000e+00
0.000000000000000000e+00,5.223634229396012518e-01,0.000000000000000000e+00
0.000000000000000000e+00,5.077172914210973387e-01,0.000000000000000000e+00
0.000000000000000000e+00,4.929229400709526643e-01,0.000000000000000000e+00
0.000000000000000000e+00,4.779846878601839988e-01,0.000000000000000000e+00
0.000000000000000000e+00,4.629068957693312503e-01,0.000000000000000000e+00
0.000000000000000000e+00,4.476939655153400199e-01,0.000000000000000000e+00
0.000000000000000000e+00,4.323503382665516703e-01,0.000000000000000000e+00
0.000000000000000000e+00,4.168804933461762174e-01,0.000000000000000000e+00
0.000000000000000000e+00,4.012889469246264662e-01,0.000000000000000000e+00
0.000000000000000000e+00,3.855802507010954172e-01,0.000000000000000000e+00
0.000000000000000000e+00,3.697589905747613592e-01,0.000000000000000000e+00
0.000000000000000000e+00,3.538297853060090592e-01,0.000000000000000000e+00
0.000000000000000000e+00,3.377972851680575150e-01,0.000000000000000000e+00
0.000000000000000000e+00,3.216661705893880119e-01,0.000000000000000000e+00
0.000000000000000000e+00,3.054411507873689979e-01,0.000000000000000000e+00
0.000000000000000000e+00,2.891269623934764610e-01,0.000000000000000000e+00
0.000000000000000000e+00,2.727283680705110402e-01,0.000000000000000000e+00
0.000000000000000000e+00,2.562501551222159391e-01,0.000000000000000000e+00
0.000000000000000000e+00,2.396971340957010921e-01,0.000000000000000000e+00
0.000000000000000000e+00,2.230741373770820657e-01,0.000000000000000000e+00
0.000000000000000000e+00,2.063860177807432528e-01,0.000000000000000000e+00
0.000000000000000000e+00,1.896376471326373381e-01,0.000000000000000000e+00
0.000000000000000000e+00,1.728339148480347032e-01,0.000000000000000000e+00
0.000000000000000000e+00,1.559797265041379388e-01,0.000000000000000000e+00
0.000000000000000000e+00,1.390800024079781316e-01,0.000000000000000000e+00
0.000000000000000000e+00,1.221396761600109515e-01,0.000000000000000000e+00
0.000000000000000000e+00,1.051636932138320102e-01,0.000000000000000000e+00
0.000000000000000000e+00,8.815700943243187648e-02,0.000000000000000000e+00
0.000000000000000000e+00,7.112458964141217532e-02,0.000000000000000000e+00
0.000000000000000000e+00,5.407140617958532125e-02,0.000000000000000000e+00
0.000000000000000000e+00,3.700243744738075657e-02,0.000000000000000000e+00
0.000000000000000000e+00,1.992266645348170218e-02,0.000000000000000000e+00
0.000000000000000000e+00,2.837079360116536580e-03,0.000000000000000000e+00
0.000000000000000000e+00,-1.424933597257042189e-02,0.000000000000000000e+00
0.000000000000000000e+00,-3.133159144264380247e-02,0.000000000000000000e+00
0.000000000000000000e+00,-4.840470016257270025e-02,0.000000000000000000e+00
0.000000000000000000e+00,-6.546367791507159972e-02,0.000000000000000000e+00
0.000000000000000000e+00,-8.250354460816182456e-02,0.000000000000000000e+00
0.000000000000000000e+00,-9.951932572902866259e-02,0.000000000000000000e+00
0.000000000000000000e+00,-1.165060537962496895e-01,0.000000000000000000e+00
0.000000000000000000e+00,-1.334587698099704844e-01,0.000000000000000000e+00
0.000000000000000000e+00,-1.503725246996041875e-01,0.000000000000000000e+00
0.000000000000000000e+00,-1.672423807686324593e-01,0.000000000000000000e+00
0.000000000000000000e+00,-1.840634131360858738e-01,0.000000000000000000e+00
0.000000000000000000e+00,-2.008307111742831663e-01,0.000000000000000000e+00
0.000000000000000000e+00,-2.175393799424092389e-01,0.000000000000000000e+00
0.000000000000000000e+00,-2.341845416155138859e-01,0.000000000000000000e+00
0.000000000000000000e+00,-2.507613369085136545e-01,0.000000000000000000e+00
0.000000000000000000e+00,-2.672649264947812853e-01,0.000000000000000000e+00
0.000000000000000000e+00,-2.836904924189088129e-01,0.000000000000000000e+00
0.000000000000000000e+00,-3.000332395032313526e-01,0.000000000000000000e+00
0.000000000000000000e+00,-3.162883967477016500e-01,0.000000000000000000e+00
0.000000000000000000e+00,-3.324512187227059989e-01,0.000000000000000000e+00
0.000000000000000000e+00,-3.485169869544156862e-01,0.000000000000000000e+00
0.000000000000000000e+00,-3.644810113022687870e-01,0.000000000000000000e+00
0.000000000000000000e+00,-3.803386313281806874e-01,0.000000000000000000e+00
0.000000000000000000e+00,-3.960852176570834882e-01,0.000000000000000000e+00
0.000000000000000000e+00,-4.117161733283968839e-01,0.000000000000000000e+00
0.000000000000000000e+00,-4.272269351380363345e-01,0.000000000000000000e+00
0.000000000000000000e+00,-4.426129749705666194e-01,0.000000000000000000e+00
0.000000000000000000e+00,-4.578698011211115304e-01,0.000000000000000000e+00
0.000000000000000000e+00,-4.729929596066344000e-01,0.000000000000000000e+00
0.000000000000000000e+00,-4.879780354662062725e-01,0.000000000000000000e+00
0.000000000000000000e+00,-5.028206540498820765e-01,0.000000000000000000e+00
0.000000000000000000e+00,-5.175164822958087107e-01,0.000000000000000000e+00
0.000000000000000000e+00,-5.320612299951923418e-01,0.000000000000000000e+00
0.000000000000000000e+00,-5.464506510447553200e-01,0.000000000000000000e+00
0.000000000000000000e+00,-5.606805446863170062e-01,0.000000000000000000e+00
0.000000000000000000e+00,-5.747467567331371319e-01,0.000000000000000000e+00
0.000000000000000000e+00,-5.886451807826633686e-01,0.000000000000000000e+00
0.000000000000000000e+00,-6.023717594153286115e-01,0.000000000000000000e+00
0.000000000000000000e+00,-6.159224853790493670e-01,0.000000000000000000e+00
0.000000000000000000e+00,-6.292934027590775248e-01,0.000000000000000000e+00
0.000000000000000000e+00,-6.424806081328658935e-01,0.000000000000000000e+00
0.000000000000000000e+00,-6.554802517096089964e-01,0.000000000000000000e+00
0.000000000000000000e+00,-6.682885384541269458e-01,0.000000000000000000e+00
0.000000000000000000e+00,-6.809017291947647710e-01,0.000000000000000000e+00
0.000000000000000000e+00,-6.933161417149825700e-01,0.000000000000000000e+00
0.000000000000000000e+00,-7.055281518283191833e-01,0.000000000000000000e+00
0.000000000000000000e+00,-7.175341944364146407e-01,0.000000000000000000e+00
0.000000000000000000e+00,-7.293307645697826302e-01,0.000000000000000000e+00
0.000000000000000000e+00,-7.409144184110298959e-01,0.000000000000000000e+00
0.000000000000000000e+00,-7.522817743002225832e-01,0.000000000000000000e+00
0.000000000000000000e+00,-7.634295137221069893e-01,0.000000000000000000e+00
0.000000000000000000e+00,-7.743543822748966132e-01,0.000000000000000000e+00
0.000000000000000000e+00,-7.850531906203416233e-01,0.000000000000000000e+00
0.000000000000000000e+00,-7.955228154148047404e-01,0.000000000000000000e+00
0.000000000000000000e+00,-8.057602002210706438e-01,0.000000000000000000e+00
0.000000000000000000e+00,-8.157623564006232231e-01,0.000000000000000000e+00
0.000000000000000000e+00,-8.255263639861302183e-01,0.000000000000000000e+00
0.000000000000000000e+00,-8.350493725338802298e-01,0.000000000000000000e+00
0.000000000000000000e+00,-8.443286019559237410e-01,0.000000000000000000e+00
0.000000000000000000e+00,-8.533613433316745711e-01,0.000000000000000000e+00
0.000000000000000000e+00,-8.621449596987353914e-01,0.000000000000000000e+00
0.000000000000000000e+00,-8.706768868227160452e-01,0.000000000000000000e+00
0.000000000000000000e+00,-8.789546339458202961e-01,0.000000000000000000e+00
0.000000000000000000e+00,-8.869757845139821795e-01,0.000000000000000000e+00
0.000000000000000000e+00,-8.947379968823397922e-01,0.000000000000000000e+00
0.000000000000000000e+00,-9.022390049988403549e-01,0.000000000000000000e+00
0.000000000000000000e+00,-9.094766190657777027e-01,0.000000000000000000e+00
0.000000000000000000e+00,-9.164487261790680295e-01,0.000000000000000000e+00
0.000000000000000000e+00,-9.231532909450779201e-01,0.000000000000000000e+00
0.000000000000000000e+00,-9.295883560748247065e-01,0.000000000000000000e+00
0.000000000000000000e+00,-9.357520429553749519e-01,0.000000000000000000e+00
0.000000000000000000e+00,-9.416425521982754177e-01,0.000000000000000000e+00
0.000000000000000000e+00,-9.472581641648551987e-01,0.000000000000000000e+00
0.000000000000000000e+00,-9.525972394682461486e-01,0.000000000000000000e+00
0.000000000000000000e+00,-9.576582194519754898e-01,0.000000000000000000e+00
0.000000000000000000e+00,-9.624396266449903869e-01,0.000000000000000000e+00
0.000000000000000000e+00,-9.669400651929815904e-01,0.000000000000000000e+00
0.000000000000000000e+00,-9.711582212658802504e-01,0.000000000000000000e+00
0.000000000000000000e+00,-9.750928634414095519e-01,0.000000000000000000e+00
0.000000000000000000e+00,-9.787428430645785937e-01,0.000000000000000000e+00
0.000000000000000000e+00,-9.821070945830131516e-01,0.000000000000000000e+00
0.000000000000000000e+00,-9.851846358580269580e-01,0.000000000000000000e+00
0.000000000000000000e+00,-9.879745684513406845e-01,0.000000000000000000e+00
0.000000000000000000e+00,-9.904760778873666904e-01,0.000000000000000000e+00
0.000000000000000000e+00,-9.926884338909820471e-01,0.000000000000000000e+00
0.000000000000000000e+00,-9.946109906007202239e-01,0.000000000000000000e+00
0.000000000000000000e+00,-9.962431867573200428e-01,0.000000000000000000e+00
0.000000000000000000e+00,-9.975845458675763888e-01,0.000000000000000000e+00
0.000000000000000000e+00,-9.986346763434443830e-01,0.000000000000000000e+00
0.000000000000000000e+00,-9.993932716163572705e-01,0.000000000000000000e+00
0.000000000000000000e+00,-9.998601102267241636e-01,0.000000000000000000e+00
0.000000000000000000e+00,-1.000035055888581770e+00,0.000000000000000000e+00
0.000000000000000000e+00,-9.999180575293802331e-01,0.000000000000000000e+00
0.000000000000000000e+00,-9.995091493048937625e-01,0.000000000000000000e+00
0.000000000000000000e+00,-9.988084505892488307e-01,0.000000000000000000e+00
0.000000000000000000e+00,-9.978161659400751615e-01,0.000000000000000000e+00
0.000000000000000000e+00,-9.965325850387881657e-01,0.000000000000000000e+00
0.000000000000000000e+00,-9.949580826060214767e-01,0.000000000000000000e+00
0.000000000000000000e+00,-9.930931182922329015e-01,0.000000000000000000e+00
0.000000000000000000e+00,-9.909382365435173146e-01,0.000000000000000000e+00
0.000000000000000000e+00,-9.884940664426643542e-01,0.000000000000000000e+00
0.000000000000000000e+00,-9.857613215255077721e-01,0.000000000000000000e+00
0.000000000000000000e+00,-9.827407995726201717e-01,0.000000000000000000e+00
0.000000000000000000e+00,-9.794333823764143077e-01,0.000000000000000000e+00
0.000000000000000000e+00,-9.758400354837175605e-01,0.000000000000000000e+00
0.000000000000000000e+00,-9.719618079138966360e-01,0.000000000000000000e+00
0.000000000000000000e+00,-9.677998318526129795e-01,0.000000000000000000e+00
0.000000000000000000e+00,-9.633553223212999450e-01,0.000000000000000000e+00
0.000000000000000000e+00,-9.586295768224565306e-01,0.000000000000000000e+00
0.000000000000000000e+00,-9.536239749608629301e-01,0.000000000000000000e+00
0.000000000000000000e+00,-9.483399780408270363e-01,0.000000000000000000e+00
0.000000000000000000e+00,-9.427791286395806880e-01,0.000000000000000000e+00
0.000000000000000000e+00,-9.369430501569487868e-01,0.000000000000000000e+00
0.000000000000000000e+00,-9.308334463414242865e-01,0.000000000000000000e+00
0.000000000000000000e+00,-9.244521007927866130e-01,0.000000000000000000e+00
0.000000000000000000e+00,-9.178008764414082865e-01,0.000000000000000000e+00
0.000000000000000000e+00,-9.108817150044027366e-01,0.000000000000000000e+00
0.000000000000000000e+00,-9.036966364187716261e-01,0.000000000000000000e+00
0.000000000000000000e+00,-8.962477382517166635e-01,0.000000000000000000e+00
0.000000000000000000e+00,-8.885371950882893222e-01,0.000000000000000000e+00
0.000000000000000000e+00,-8.805672578965555441e-01,0.000000000000000000e+00
0.000000000000000000e+00,-8.723402533704623929e-01,0.000000000000000000e+00
0.000000000000000000e+00,-8.638585832505972784e-01,0.000000000000000000e+00
0.000000000000000000e+00,-8.551247236230389293e-01,0.000000000000000000e+00
0.000000000000000000e+00,-8.461412241965040604e-01,0.000000000000000000e+00
0.000000000000000000e+00,-8.369107075580012323e-01,0.000000000000000000e+00
0.000000000000000000e+00,-8.274358684072093961e-01,0.000000000000000000e+00
0.000000000000000000e+00,-8.177194727698035015e-01,0.000000000000000000e+00
0.000000000000000000e+00,-8.077643571899586483e-01,0.000000000000000000e+00
0.000000000000000000e+00,-7.975734279022667073e-01,0.000000000000000000e+00
0.000000000000000000e+00,-7.871496599833082142e-01,0.000000000000000000e+00
0.000000000000000000e+00,-7.764960964831272294e-01,0.000000000000000000e+00
0.000000000000000000e+00,-7.656158475368620708e-01,0.000000000000000000e+00
0.000000000000000000e+00,-7.545120894567918235e-01,0.000000000000000000e+00
0.000000000000000000e+00,-7.431880638050633037e-01,0.000000000000000000e+00
0.000000000000000000e+00,-7.316470764473698152e-01,0.000000000000000000e+00
0.000000000000000000e+00,-7.198924965878571447e-01,0.000000000000000000e+00
0.000000000000000000e+00,-7.079277557855390146e-01,0.000000000000000000e+00
0.000000000000000000e+00,-6.957563469525089861e-01,0.000000000000000000e+00
0.000000000000000000e+00,-6.833818233342415782e-01,0.000000000000000000e+00
0.000000000000000000e+00,-6.708077974722798098e-01,0.000000000000000000e+00
0.000000000000000000e+00,-6.580379401496121439e-01,0.000000000000000000e+00
0.000000000000000000e+00,-6.450759793190469216e-01,0.000000000000000000e+00
0.000000000000000000e+00,-6.319256990148971465e-01,0.000000000000000000e+00
0.000000000000000000e+00,-6.185909382482930319e-01,0.000000000000000000e+00
0.000000000000000000e+00,-6.050755898864446092e-01,0.000000000000000000e+00
0.000000000000000000e+00,-5.913835995161826897e-01,0.000000000000000000e+00
0.000000000000000000e+00,-5.775189642921083610e-01,0.000000000000000000e+00
0.000000000000000000e+00,-5.634857317696888579e-01,0.000000000000000000e+00
0.000000000000000000e+00,-5.492879987236392036e-01,0.000000000000000000e+00
0.000000000000000000e+00,-5.349299099519351230e-01,0.000000000000000000e+00
0.000000000000000000e+00,-5.204156570658067249e-01,0.000000000000000000e+00
0.000000000000000000e+00,-5.057494772660653393e-01,0.000000000000000000e+00
0.000000000000000000e+00,-4.909356521061217227e-01,0.000000000000000000e+00
0.000000000000000000e+00,-4.759785062420556767e-01,0.000000000000000000e+00
0.000000000000000000e+00,-4.608824061701028985e-01,0.000000000000000000e+00
0.000000000000000000e+00,-4.456517589519272127e-01,0.000000000000000000e+00
0.000000000000000000e+00,-4.302910109280503881e-01,0.000000000000000000e+00
0.000000000000000000e+00,-4.148046464198151817e-01,0.000000000000000000e+00
0.000000000000000000e+00,-3.991971864202602527e-01,0.000000000000000000e+00
0.000000000000000000e+00,-3.834731872742896952e-01,0.000000000000000000e+00
0.000000000000000000e+00,-3.676372393485218826e-01,0.000000000000000000e+00
0.000000000000000000e+00,-3.516939656912065337e-01,0.000000000000000000e+00
0.000000000000000000e+00,-3.356480206826005230e-01,0.000000000000000000e+00
0.000000000000000000e+00,-3.195040886761972287e-01,0.000000000000000000e+00
0.000000000000000000e+00,-3.032668826312052701e-01,0.000000000000000000e+00
0.000000000000000000e+00,-2.869411427366767020e-01,0.000000000000000000e+00
0.000000000000000000e+00,-2.705316350276855131e-01,0.000000000000000000e+00
0.000000000000000000e+00,-2.540431499939609372e-01,0.000000000000000000e+00
0.000000000000000000e+00,-2.374805011813818090e-01,0.000000000000000000e+00
0.000000000000000000e+00,-2.208485237867397200e-01,0.000000000000000000e+00
0.000000000000000000e+00,-2.041520732461817866e-01,0.000000000000000000e+00
0.000000000000000000e+00,-1.873960238177448112e-01,0.000000000000000000e+00
0.000000000000000000e+00,-1.705852671583945879e-01,0.000000000000000000e+00
0.000000000000000000e+00,-1.537247108959860498e-01,0.000000000000000000e+00
0.000000000000000000e+00,-1.368192771965608401e-01,0.000000000000000000e+00
0.000000000000000000e+00,-1.198739013274007226e-01,0.000000000000000000e+00
0.000000000000000000e+00,-1.028935302162563570e-01,0.000000000000000000e+00
0.000000000000000000e+00,-8.588312100717190867e-02,0.000000000000000000e+00
0.000000000000000000e+00,-6.884763961332723836e-02,0.000000000000000000e+00
0.000000000000000000e+00,-5.179205926732006332e-02,0.000000000000000000e+00
0.000000000000000000e+00,-3.472135906931131388e-02,0.000000000000000000e+00
0.000000000000000000e+00,-1.764052253345756160e-02,0.000000000000000000e+00
0.000000000000000000e+00,-5.545361330548843892e-04,0.000000000000000000e+00
0.000000000000000000e+00,1.653161215518117455e-02,0.000000000000000000e+00
0.000000000000000000e+00,3.361293430727455012e-02,0.000000000000000000e+00
0.000000000000000000e+00,5.068444370816138633e-02,0.000000000000000000e+00
0.000000000000000000e+00,6.774115660745143319e-02,0.000000000000000000e+00
0.000000000000000000e+00,8.477809357435318882e-02,0.000000000000000000e+00
0.000000000000000000e+00,1.017902809513379914e-01,0.000000000000000000e+00
0.000000000000000000e+00,1.187727523061186952e-01,0.000000000000000000e+00
0.000000000000000000e+00,1.357205498815190481e-01,0.000000000000000000e+00
0.000000000000000000e+00,1.526287260428105252e-01,0.000000000000000000e+00
0.000000000000000000e+00,1.694923447220940682e-01,0.000000000000000000e+00
0.000000000000000000e+00,1.863064828593050948e-01,0.000000000000000000e+00
0.000000000000000000e+00,2.030662318394210464e-01,0.000000000000000000e+00
0.000000000000000000e+00,2.197666989254519754e-01,0.000000000000000000e+00
0.000000000000000000e+00,2.364030086867957570e-01,0.000000000000000000e+00
0.000000000000000000e+00,2.529703044225410369e-01,0.000000000000000000e+00
0.000000000000000000e+00,2.694637495793023585e-01,0.000000000000000000e+00
0.000000000000000000e+00,2.858785291631734116e-01,0.000000000000000000e+00
0.000000000000000000e+00,3.022098511453865100e-01,0.000000000000000000e+00
0.000000000000000000e+00,3.184529478612676545e-01,0.000000000000000000e+00
0.000000000000000000e+00,3.346030774020790632e-01,0.000000000000000000e+00
0.000000000000000000e+00,3.506555249993422718e-01,0.000000000000000000e+00
0.000000000000000000e+00,3.666056044012386828e-01,0.000000000000000000e+00
0.000000000000000000e+00,3.824486592406845520e-01,0.000000000000000000e+00
0.000000000000000000e+00,3.981800643946820095e-01,0.000000000000000000e+00
0.000000000000000000e+00,4.137952273345486542e-01,0.000000000000000000e+00
0.000000000000000000e+00,4.292895894666318712e-01,0.000000000000000000e+00
0.000000000000000000e+00,4.446586274631163516e-01,0.000000000000000000e+00
0.000000000000000000e+00,4.598978545825362918e-01,0.000000000000000000e+00
0.000000000000000000e+00,4.750028219796068596e-01,0.000000000000000000e+00
0.000000000000000000e+00,4.899691200039923977e-01,0.000000000000000000e+00
0.000000000000000000e+00,5.047923794876323367e-01,0.000000000000000000e+00
0.000000000000000000e+00,5.194682730202491161e-01,0.000000000000000000e+00
0.000000000000000000e+00,5.339925162126651914e-01,0.000000000000000000e+00
0.000000000000000000e+00,5.483608689475611975e-01,0.000000000000000000e+00
0.000000000000000000e+00,5.625691366173094510e-01,0.000000000000000000e+00
0.000000000000000000e+00,5.766131713485215249e-01,0.000000000000000000e+00
0.000000000000000000e+00,5.904888732129527362e-01,0.000000000000000000e+00
0.000000000000000000e+00,6.041921914244096081e-01,0.000000000000000000e+00
0.000000000000000000e+00,6.177191255213114740e-01,0.000000000000000000e+00
0.000000000000000000e+00,6.310657265345600564e-01,0.000000000000000000e+00
0.000000000000000000e+00,6.442280981403771811e-01,0.000000000000000000e+00
0.000000000000000000e+00,6.572023977977732301e-01,0.000000000000000000e+00
0.000000000000000000e+00,6.699848378703148200e-01,0.000000000000000000e+00
0.000000000000000000e+00,6.825716867318636361e-01,0.000000000000000000e+00
0.000000000000000000e+00,6.949592698559644566e-01,0.000000000000000000e+00
0.000000000000000000e+00,7.071439708885632891e-01,0.000000000000000000e+00
0.000000000000000000e+00,7.191222327037434248e-01,0.000000000000000000e+00
0.000000000000000000e+00,7.308905584421707680e-01,0.000000000000000000e+00
0.000000000000000000e+00,7.424455125319452398e-01,0.000000000000000000e+00
0.000000000000000000e+00,7.537837216915600491e-01,0.000000000000000000e+00
0.000000000000000000e+00,7.649018759146766211e-01,0.000000000000000000e+00
0.000000000000000000e+00,7.757967294364276345e-01,0.000000000000000000e+00
0.000000000000000000e+00,7.864651016809649509e-01,0.000000000000000000e+00
0.000000000000000000e+00,7.969038781899774326e-01,0.000000000000000000e+00
0.000000000000000000e+00,8.071100115319065349e-01,0.000000000000000000e+00
0.000000000000000000e+00,8.170805221915945493e-01,0.000000000000000000e+00
0.000000000000000000e+00,8.268124994401055972e-01,0.000000000000000000e+00
0.000000000000000000e+00,8.363031021844659074e-01,0.000000000000000000e+00
0.000000000000000000e+00,8.455495597970749122e-01,0.000000000000000000e+00
0.000000000000000000e+00,8.545491729245447976e-01,0.000000000000000000e+00
0.000000000000000000e+00,8.632993142757332539e-01,0.000000000000000000e+00
0.000000000000000000e+00,8.717974293887382764e-01,0.000000000000000000e+00
0.000000000000000000e+00,8.800410373766320848e-01,0.000000000000000000e+00
0.000000000000000000e+00,8.880277316517156683e-01,0.000000000000000000e+00
0.000000000000000000e+00,8.957551806280832363e-01,0.000000000000000000e+00
0.000000000000000000e+00,9.032211284022907405e-01,0.000000000000000000e+00
0.000000000000000000e+00,9.104233954119305139e-01,0.000000000000000000e+00
0.000000000000000000e+00,9.173598790719190710e-01,0.000000000000000000e+00
0.000000000000000000e+00,9.240285543883125507e-01,0.000000000000000000e+00
0.000000000000000000e+00,9.304274745494712784e-01,0.000000000000000000e+00
0.000000000000000000e+00,9.365547714943993629e-01,0.000000000000000000e+00
0.000000000000000000e+00,9.424086564580953507e-01,0.000000000000000000e+00
0.000000000000000000e+00,9.479874204937527304e-01,0.000000000000000000e+00
0.000000000000000000e+00,9.532894349716594107e-01,0.000000000000000000e+00
0.000000000000000000e+00,9.583131520546498416e-01,0.000000000000000000e+00
0.000000000000000000e+00,9.630571051499708934e-01,0.000000000000000000e+00
0.000000000000000000e+00,9.675199093374297066e-01,0.000000000000000000e+00
0.000000000000000000e+00,9.717002617736990588e-01,0.000000000000000000e+00
0.000000000000000000e+00,9.755969420726608998e-01,0.000000000000000000e+00
0.000000000000000000e+00,9.792088126616785848e-01,0.000000000000000000e+00
0.000000000000000000e+00,9.825348191136927811e-01,0.000000000000000000e+00
0.000000000000000000e+00,9.855739904550441244e-01,0.000000000000000000e+00
0.000000000000000000e+00,9.883254394489333627e-01,0.000000000000000000e+00
0.000000000000000000e+00,9.907883628544358334e-01,0.000000000000000000e+00
0.000000000000000000e+00,9.929620416609944433e-01,0.000000000000000000e+00
0.000000000000000000e+00,9.948458412983234300e-01,0.000000000000000000e+00
0.000000000000000000e+00,9.964392118216606198e-01,0.000000000000000000e+00
0.000000000000000000e+00,9.977416880723148918e-01,0.000000000000000000e+00
0.000000000000000000e+00,9.987528898134618860e-01,0.000000000000000000e+00
0.000000000000000000e+00,9.994725218411477652e-01,0.000000000000000000e+00
0.000000000000000000e+00,9.999003740704694998e-01,0.000000000000000000e+00
0.000000000000000000e+00,1.000036321596905475e+00,0.000000000000000000e+00
0.000000000000000000e+00,9.998803247327793242e-01,0.000000000000000000e+00
0.000000000000000000e+00,9.994324290188464355e-01,0.000000000000000000e+00
0.000000000000000000e+00,9.986927652109988118e-01,0.000000000000000000e+00
0.000000000000000000e+00,9.976615492420929376e-01,0.000000000000000000e+00
0.000000000000000000e+00,9.963390821589119817e-01,0.000000000000000000e+00
0.000000000000000000e+00,9.947257500342797654e-01,0.000000000000000000e+00
0.000000000000000000e+00,9.928220238543532528e-01,0.000000000000000000e+00
0.000000000000000000e+00,9.906284593811256478e-01,0.000000000000000000e+00
0.000000000000000000e+00,9.881456969901807330e-01,0.000000000000000000e+00
0.000000000000000000e+00,9.853744614837457449e-01,0.000000000000000000e+00
0.000000000000000000e+00,9.823155618790968546e-01,0.000000000000000000e+00
0.000000000000000000e+00,9.789698911723799801e-01,0.000000000000000000e+00
0.000000000000000000e+00,9.753384260779147663e-01,0.000000000000000000e+00
0.000000000000000000e+00,9.714222267430587809e-01,0.000000000000000000e+00
0.000000000000000000e+00,9.672224364387147499e-01,0.000000000000000000e+00
0.000000000000000000e+00,9.627402812255709819e-01,0.000000000000000000e+00
0.000000000000000000e+00,9.579770695961731253e-01,0.000000000000000000e+00
0.000000000000000000e+00,9.529341920929307319e-01,0.000000000000000000e+00
0.000000000000000000e+00,9.476131209021710911e-01,0.000000000000000000e+00
0.000000000000000000e+00,9.420154094243580190e-01,0.000000000000000000e+00
0.000000000000000000e+00,9.361426918206021686e-01,0.000000000000000000e+00
0.000000000000000000e+00,9.299966825355938660e-01,0.000000000000000000e+00
0.000000000000000000e+00,9.235791757970990279e-01,0.000000000000000000e+00
0.000000000000000000e+00,9.168920450921633769e-01,0.000000000000000000e+00
0.000000000000000000e+00,9.099372426201780550e-01,0.000000000000000000e+00
0.000000000000000000e+00,9.027167987229670620e-01,0.000000000000000000e+00
0.000000000000000000e+00,8.952328212920616091e-01,0.000000000000000000e+00
0.000000000000000000e+00,8.874874951533352485e-01,0.000000000000000000e+00
0.000000000000000000e+00,8.794830814291797472e-01,0.000000000000000000e+00
0.000000000000000000e+00,8.712219168784067769e-01,0.000000000000000000e+00
0.000000000000000000e+00,8.627064132140692676e-01,0.000000000000000000e+00
0.000000000000000000e+00,8.539390563994005978e-01,0.000000000000000000e+00
0.000000000000000000e+00,8.449224059220781236e-01,0.000000000000000000e+00
0.000000000000000000e+00,8.356590940470224327e-01,0.000000000000000000e+00
0.000000000000000000e+00,8.261518250479498171e-01,0.000000000000000000e+00
0.000000000000000000e+00,8.164033744179038932e-01,0.000000000000000000e+00
0.000000000000000000e+00,8.064165880589949653e-01,0.000000000000000000e+00
0.000000000000000000e+00,7.961943814515853868e-01,0.000000000000000000e+00
0.000000000000000000e+00,7.857397388031621688e-01,0.000000000000000000e+00
0.000000000000000000e+00,7.750557121771460833e-01,0.000000000000000000e+00
0.000000000000000000e+00,7.641454206018910567e-01,0.000000000000000000e+00
0.000000000000000000e+00,7.530120491601346444e-01,0.000000000000000000e+00
0.000000000000000000e+00,7.416588480591644883e-01,0.000000000000000000e+00
0.000000000000000000e+00,7.300891316819734245e-01,0.000000000000000000e+00
0.000000000000000000e+00,7.183062776196784682e-01,0.000000000000000000e+00
0.000000000000000000e+00,7.063137256854885582e-01,0.000000000000000000e+00
0.000000000000000000e+00,6.941149769105062761e-01,0.000000000000000000e+00
0.000000000000000000e+00,6.817135925216589731e-01,0.000000000000000000e+00
0.000000000000000000e+00,6.691131929020560642e-01,0.000000000000000000e+00
0.000000000000000000e+00,6.563174565340770261e-01,0.000000000000000000e+00
0.000000000000000000e+00,6.433301189254978514e-01,0.000000000000000000e+00
0.000000000000000000e+00,6.301549715189705969e-01,0.000000000000000000e+00
0.000000000000000000e+00,6.167958605851726617e-01,0.000000000000000000e+00
0.000000000000000000e+00,6.032566860999507563e-01,0.000000000000000000e+00
0.000000000000000000e+00,5.895414006057859702e-01,0.000000000000000000e+00
0.000000000000000000e+00,5.756540080579132246e-01,0.000000000000000000e+00
0.000000000000000000e+00,5.615985626554315102e-01,0.000000000000000000e+00
0.000000000000000000e+00,5.473791676577458576e-01,0.000000000000000000e+00
0.000000000000000000e+00,5.329999741866877638e-01,0.000000000000000000e+00
0.000000000000000000e+00,5.184651800146621303e-01,0.000000000000000000e+00
0.000000000000000000e+00,5.037790283391756496e-01,0.000000000000000000e+00
0.000000000000000000e+00,4.889458065441043555e-01,0.000000000000000000e+00
0.000000000000000000e+00,4.739698449480611586e-01,0.000000000000000000e+00
0.000000000000000000e+00,4.588555155402296859e-01,0.000000000000000000e+00
0.000000000000000000e+00,4.436072307040329066e-01,0.000000000000000000e+00
0.000000000000000000e+00,4.282294419290091358e-01,0.000000000000000000e+00
0.000000000000000000e+00,4.127266385112721703e-01,0.000000000000000000e+00
0.000000000000000000e+00,3.971033462429337524e-01,0.000000000000000000e+00
0.000000000000000000e+00,3.813641260908721686e-01,0.000000000000000000e+00
0.000000000000000000e+00,3.655135728652317839e-01,0.000000000000000000e+00
0.000000000000000000e+00,3.495563138780427570e-01,0.000000000000000000e+00
0.000000000000000000e+00,3.334970075923522903e-01,0.000000000000000000e+00
0.000000000000000000e+00,3.173403422622619874e-01,0.000000000000000000e+00
0.000000000000000000e+00,3.010910345642678898e-01,0.000000000000000000e+00
0.000000000000000000e+00,2.847538282203034288e-01,0.000000000000000000e+00
0.000000000000000000e+00,2.683334926128865816e-01,0.000000000000000000e+00
0.000000000000000000e+00,2.518348213927760204e-01,0.000000000000000000e+00
0.000000000000000000e+00,2.352626310795425113e-01,0.000000000000000000e+00
0.000000000000000000e+00,2.186217596554640985e-01,0.000000000000000000e+00
0.000000000000000000e+00,2.019170651531555782e-01,0.000000000000000000e+00
0.000000000000000000e+00,1.851534242373447103e-01,0.000000000000000000e+00
0.000000000000000000e+00,1.683357307812089754e-01,0.000000000000000000e+00
0.000000000000000000e+00,1.514688944376886559e-01,0.000000000000000000e+00
0.000000000000000000e+00,1.345578392061932416e-01,0.000000000000000000e+00
0.000000000000000000e+00,1.176075019951196565e-01,0.000000000000000000e+00
0.000000000000000000e+00,1.006228311806018905e-01,0.000000000000000000e+00
0.000000000000000000e+00,8.360878516191279364e-02,0.000000000000000000e+00
0.000000000000000000e+00,6.657033091393983748e-02,0.000000000000000000e+00
0.000000000000000000e+00,4.951244253715728072e-02,0.000000000000000000e+00
0.000000000000000000e+00,3.244009980551823547e-02,0.000000000000000000e+00
0.000000000000000000e+00,1.535828671269033260e-02,0.000000000000000000e+00
0.000000000000000000e+00,-1.728009982940370559e-03,0.000000000000000000e+00
0.000000000000000000e+00,-1.881380221407267378e-02,0.000000000000000000e+00
0.000000000000000000e+00,-3.589410206067561449e-02,0.000000000000000000e+00
0.000000000000000000e+00,-5.296392320613083765e-02,0.000000000000000000e+00
0.000000000000000000e+00,-7.001828239290690259e-02,0.000000000000000000e+00
0.000000000000000000e+00,-8.705220087734051593e-02,0.000000000000000000e+00
0.000000000000000000e+00,-1.040607058831000409e-01,0.000000000000000000e+00
0.000000000000000000e+00,-1.210388320529069001e-01,0.000000000000000000e+00
0.000000000000000000e+00,-1.379816228980911552e-01,0.000000000000000000e+00
0.000000000000000000e+00,-1.548841322455579705e-01,0.000000000000000000e+00
0.000000000000000000e+00,-1.717414256817427209e-01,0.000000000000000000e+00
0.000000000000000000e+00,-1.885485819931330131e-01,0.000000000000000000e+00
0.000000000000000000e+00,-2.053006946029371227e-01,0.000000000000000000e+00
0.000000000000000000e+00,-2.219928730034795850e-01,0.000000000000000000e+00
0.000000000000000000e+00,-2.386202441839056498e-01,0.000000000000000000e+00
0.000000000000000000e+00,-2.551779540527777668e-01,0.000000000000000000e+00
0.000000000000000000e+00,-2.716611688551488490e-01,0.000000000000000000e+00
0.000000000000000000e+00,-2.880650765836987315e-01,0.000000000000000000e+00
0.000000000000000000e+00,-3.043848883835215680e-01,0.000000000000000000e+00
0.000000000000000000e+00,-3.206158399501545797e-01,0.000000000000000000e+00
0.000000000000000000e+00,-3.367531929204392593e-01,0.000000000000000000e+00
0.000000000000000000e+00,-3.527922362558099101e-01,0.000000000000000000e+00
0.000000000000000000e+00,-3.687282876176047886e-01,0.000000000000000000e+00
0.000000000000000000e+00,-3.845566947339990049e-01,0.000000000000000000e+00
0.000000000000000000e+00,-4.002728367581600000e-01,0.000000000000000000e+00
0.000000000000000000e+00,-4.158721256172286385e-01,0.000000000000000000e+00
0.000000000000000000e+00,-4.313500073517328448e-01,0.000000000000000000e+00
0.000000000000000000e+00,-4.467019634450422050e-01,0.000000000000000000e+00
0.000000000000000000e+00,-4.619235121424755675e-01,0.000000000000000000e+00
0.000000000000000000e+00,-4.770102097596767843e-01,0.000000000000000000e+00
0.000000000000000000e+00,-4.919576519798762870e-01,0.000000000000000000e+00
0.000000000000000000e+00,-5.067614751396597450e-01,0.000000000000000000e+00
0.000000000000000000e+00,-5.214173575028692165e-01,0.000000000000000000e+00
0.000000000000000000e+00,-5.359210205222637580e-01,0.000000000000000000e+00
0.000000000000000000e+00,-5.502682300885717304e-01,0.000000000000000000e+00
0.000000000000000000e+00,-5.644547977665707039e-01,0.000000000000000000e+00
0.000000000000000000e+00,-5.784765820178331408e-01,0.000000000000000000e+00
0.000000000000000000e+00,-5.923294894097811403e-01,0.000000000000000000e+00
0.000000000000000000e+00,-6.060094758106980839e-01,0.000000000000000000e+00
0.000000000000000000e+00,-6.195125475703469053e-01,0.000000000000000000e+00
0.000000000000000000e+00,-6.328347626858518149e-01,0.000000000000000000e+00
0.000000000000000000e+00,-6.459722319525021961e-01,0.000000000000000000e+00
0.000000000000000000e+00,-6.589211200991426098e-01,0.000000000000000000e+00
0.000000000000000000e+00,-6.716776469078181711e-01,0.000000000000000000e+00
0.000000000000000000e+00,-6.842380883173480033e-01,0.000000000000000000e+00
0.000000000000000000e+00,-6.965987775105041413e-01,0.000000000000000000e+00
0.000000000000000000e+00,-7.087561059844796896e-01,0.000000000000000000e+00
0.000000000000000000e+00,-7.207065246043328210e-01,0.000000000000000000e+00
0.000000000000000000e+00,-7.324465446390988621e-01,0.000000000000000000e+00
0.000000000000000000e+00,-7.439727387802688163e-01,0.000000000000000000e+00
0.000000000000000000e+00,-7.552817421423367872e-01,0.000000000000000000e+00
0.000000000000000000e+00,-7.663702532451233118e-01,0.000000000000000000e+00
0.000000000000000000e+00,-7.772350349775892786e-01,0.000000000000000000e+00
0.000000000000000000e+00,-7.878729155428579878e-01,0.000000000000000000e+00
0.000000000000000000e+00,-7.982807893841696867e-01,0.000000000000000000e+00
0.000000000000000000e+00,-8.084556180914986845e-01,0.000000000000000000e+00
0.000000000000000000e+00,-8.183944312885677030e-01,0.000000000000000000e+00
0.000000000000000000e+00,-8.280943275000012260e-01,0.000000000000000000e+00
0.000000000000000000e+00,-8.375524749983641604e-01,0.000000000000000000e+00
0.000000000000000000e+00,-8.467661126308387853e-01,0.000000000000000000e+00
0.000000000000000000e+00,-8.557325506252984049e-01,0.000000000000000000e+00
0.000000000000000000e+00,-8.644491713755428908e-01,0.000000000000000000e+00
0.000000000000000000e+00,-8.729134302054661898e-01,0.000000000000000000e+00
0.000000000000000000e+00,-8.811228561119334168e-01,0.000000000000000000e+00
0.000000000000000000e+00,-8.890750524861501525e-01,0.000000000000000000e+00
0.000000000000000000e+00,-8.967676978133133359e-01,0.000000000000000000e+00
0.000000000000000000e+00,-9.041985463503402487e-01,0.000000000000000000e+00
0.000000000000000000e+00,-9.113654287814763055e-01,0.000000000000000000e+00
0.000000000000000000e+00,-9.182662528515919131e-01,0.000000000000000000e+00
0.000000000000000000e+00,-9.248990039769825477e-01,0.000000000000000000e+00
0.000000000000000000e+00,-9.312617458334934151e-01,0.000000000000000000e+00
0.000000000000000000e+00,-9.373526209217983851e-01,0.000000000000000000e+00
0.000000000000000000e+00,-9.431698511096663351e-01,0.000000000000000000e+00
0.000000000000000000e+00,-9.487117381510583591e-01,0.000000000000000000e+00
0.000000000000000000e+00,-9.539766641819029669e-01,0.000000000000000000e+00
0.000000000000000000e+00,-9.589630921924054974e-01,0.000000000000000000e+00
0.000000000000000000e+00,-9.636695664757527480e-01,0.000000000000000000e+00
0.000000000000000000e+00,-9.680947130530835887e-01,0.000000000000000000e+00
0.000000000000000000e+00,-9.722372400745994403e-01,0.000000000000000000e+00
0.000000000000000000e+00,-9.760959381966988202e-01,0.000000000000000000e+00
0.000000000000000000e+00,-9.796696809350258217e-01,0.000000000000000000e+00
0.000000000000000000e+00,-9.829574249933289432e-01,0.000000000000000000e+00
0.000000000000000000e+00,-9.859582105680343433e-01,0.000000000000000000e+00
0.000000000000000000e+00,-9.886711616284449278e-01,0.000000000000000000e+00
0.000000000000000000e+00,-9.910954861724836640e-01,0.000000000000000000e+00
0.000000000000000000e+00,-9.932304764579052980e-01,0.000000000000000000e+00
0.000000000000000000e+00,-9.950755092089104137e-01,0.000000000000000000e+00
0.000000000000000000e+00,-9.966300457981007721e-01,0.000000000000000000e+00
0.000000000000000000e+00,-9.978936324037228633e-01,0.000000000000000000e+00
0.000000000000000000e+00,-9.988659001421534844e-01,0.000000000000000000e+00
0.000000000000000000e+00,-9.995465651755898184e-01,0.000000000000000000e+00
0.000000000000000000e+00,-9.999354287949109299e-01,0.000000000000000000e+00
0.000000000000000000e+00,-1.000032377477687806e+00,0.000000000000000000e+00
0.000000000000000000e+00,-9.998373829213241804e-01,0.000000000000000000e+00
0.000000000000000000e+00,-9.993505020513194781e-01,0.000000000000000000e+00
0.000000000000000000e+00,-9.985718770046498882e-01,0.000000000000000000e+00
0.000000000000000000e+00,-9.975017350882739997e-01,0.000000000000000000e+00
0.000000000000000000e+00,-9.961403887127742163e-01,0.000000000000000000e+00
0.000000000000000000e+00,-9.944882353011533782e-01,0.000000000000000000e+00
0.000000000000000000e+00,-9.925457571728136807e-01,0.000000000000000000e+00
0.000000000000000000e+00,-9.903135214027515287e-01,0.000000000000000000e+00
0.000000000000000000e+00,-9.877921796560088508e-01,0.000000000000000000e+00
0.000000000000000000e+00,-9.849824679974301667e-01,0.000000000000000000e+00
0.000000000000000000e+00,-9.818852066767805864e-01,0.000000000000000000e+00
0.000000000000000000e+00,-9.785012998892870240e-01,0.000000000000000000e+00
0.000000000000000000e+00,-9.748317355116729033e-01,0.000000000000000000e+00
0.000000000000000000e+00,-9.708775848137638498e-01,0.000000000000000000e+00
0.000000000000000000e+00,-9.666400021457477454e-01,0.000000000000000000e+00
0.000000000000000000e+00,-9.621202246011808512e-01,0.000000000000000000e+00
0.000000000000000000e+00,-9.573195716558384749e-01,0.000000000000000000e+00
0.000000000000000000e+00,-9.522394447825153208e-01,0.000000000000000000e+00
0.000000000000000000e+00,-9.468813270418882100e-01,0.000000000000000000e+00
0.000000000000000000e+00,-9.412467826495606316e-01,0.000000000000000000e+00
0.000000000000000000e+00,-9.353374565194154666e-01,0.000000000000000000e+00
0.000000000000000000e+00,-9.291550737834087803e-01,0.000000000000000000e+00
0.000000000000000000e+00,-9.227014392879459015e-01,0.000000000000000000e+00
0.000000000000000000e+00,-9.159784370669853404e-01,0.000000000000000000e+00
0.000000000000000000e+00,-9.089880297920258645e-01,0.000000000000000000e+00
0.000000000000000000e+00,-9.017322581991362718e-01,0.000000000000000000e+00
0.000000000000000000e+00,-8.942132404931958378e-01,0.000000000000000000e+00
0.000000000000000000e+00,-8.864331717295184099e-01,0.000000000000000000e+00
0.000000000000000000e+00,-8.783943231730416690e-01,0.000000000000000000e+00
0.000000000000000000e+00,-8.700990416352684109e-01,0.000000000000000000e+00
0.000000000000000000e+00,-8.615497487891526918e-01,0.000000000000000000e+00
0.000000000000000000e+00,-8.527489404621316771e-01,0.000000000000000000e+00
0.000000000000000000e+00,-8.436991859075095856e-01,0.000000000000000000e+00
0.000000000000000000e+00,-8.344031270544054468e-01,0.000000000000000000e+00
0.000000000000000000e+00,-8.248634777364850512e-01,0.000000000000000000e+00
0.000000000000000000e+00,-8.150830228997009153e-01,0.000000000000000000e+00
0.000000000000000000e+00,-8.050646177892728517e-01,0.000000000000000000e+00
0.000000000000000000e+00,-7.948111871161449571e-01,0.000000000000000000e+00
0.000000000000000000e+00,-7.843257242031640430e-01,0.000000000000000000e+00
0.000000000000000000e+00,-7.736112901112273121e-01,0.000000000000000000e+00
0.000000000000000000e+00,-7.626710127456555188e-01,0.000000000000000000e+00
0.000000000000000000e+00,-7.515080859430514071e-01,0.000000000000000000e+00
0.000000000000000000e+00,-7.401257685389112106e-01,0.000000000000000000e+00
0.000000000000000000e+00,-7.285273834162602213e-01,0.000000000000000000e+00
0.000000000000000000e+00,-7.167163165355910914e-01,0.000000000000000000e+00
0.000000000000000000e+00,-7.046960159463875328e-01,0.000000000000000000e+00
0.000000000000000000e+00,-6.924699907805220711e-01,0.000000000000000000e+00
0.000000000000000000e+00,-6.800418102278221744e-01,0.000000000000000000e+00
0.000000000000000000e+00,-6.674151024941028520e-01,0.000000000000000000e+00
0.000000000000000000e+00,-6.545935537419709238e-01,0.000000000000000000e+00
0.000000000000000000e+00,-6.415809070147096005e-01,0.000000000000000000e+00
0.000000000000000000e+00,-6.283809611435575704e-01,0.000000000000000000e+00
0.000000000000000000e+00,-6.149975696387021129e-01,0.000000000000000000e+00
0.000000000000000000e+00,-6.014346395643088705e-01,0.000000000000000000e+00
0.000000000000000000e+00,-5.876961303979181261e-01,0.000000000000000000e+00
0.000000000000000000e+00,-5.737860528745393207e-01,0.000000000000000000e+00
0.000000000000000000e+00,-5.597084678157822069e-01,0.000000000000000000e+00
0.000000000000000000e+00,-5.454674849443656992e-01,0.000000000000000000e+00
0.000000000000000000e+00,-5.310672616843509219e-01,0.000000000000000000e+00
0.000000000000000000e+00,-5.165120019474487290e-01,0.000000000000000000e+00
0.000000000000000000e+00,-5.018059549057556357e-01,0.000000000000000000e+00
0.000000000000000000e+00,-4.869534137512773198e-01,0.000000000000000000e+00
0.000000000000000000e+00,-4.719587144426004022e-01,0.000000000000000000e+00
0.000000000000000000e+00,-4.568262344390799923e-01,0.000000000000000000e+00
0.000000000000000000e+00,-4.415603914229110916e-01,0.000000000000000000e+00
0.000000000000000000e+00,-4.261656420094580566e-01,0.000000000000000000e+00
0.000000000000000000e+00,-4.106464804462180429e-01,0.000000000000000000e+00
0.000000000000000000e+00,-3.950074373007982365e-01,0.000000000000000000e+00
0.000000000000000000e+00,-3.792530781382900673e-01,0.000000000000000000e+00
0.000000000000000000e+00,-3.633880021884265399e-01,0.000000000000000000e+00
0.000000000000000000e+00,-3.474168410029117027e-01,0.000000000000000000e+00
0.000000000000000000e+00,-3.313442571033142214e-01,0.000000000000000000e+00
0.000000000000000000e+00,-3.151749426199197401e-01,0.000000000000000000e+00
0.000000000000000000e+00,-2.989136179219396006e-01,0.000000000000000000e+00
0.000000000000000000e+00,-2.825650302394754898e-01,0.000000000000000000e+00
0.000000000000000000e+00,-2.661339522776426381e-01,0.000000000000000000e+00
0.000000000000000000e+00,-2.496251808232559377e-01,0.000000000000000000e+00
0.000000000000000000e+00,-2.330435353444857693e-01,0.000000000000000000e+00
0.000000000000000000e+00,-2.163938565838924855e-01,0.000000000000000000e+00
0.000000000000000000e+00,-1.996810051452499735e-01,0.000000000000000000e+00
0.000000000000000000e+00,-1.829098600745713288e-01,0.000000000000000000e+00
0.000000000000000000e+00,-1.660853174357503625e-01,0.000000000000000000e+00
0.000000000000000000e+00,-1.492122888812351944e-01,0.000000000000000000e+00
0.000000000000000000e+00,-1.322957002181509301e-01,0.000000000000000000e+00
0.000000000000000000e+00,-1.153404899702901443e-01,0.000000000000000000e+00
0.000000000000000000e+00,-9.835160793639088905e-02,0.000000000000000000e+00
0.000000000000000000e+00,-8.133401374512325144e-02,0.000000000000000000e+00
0.000000000000000000e+00,-6.429267540720615126e-02,0.000000000000000000e+00
0.000000000000000000e+00,-4.723256786507715188e-02,0.000000000000000000e+00
0.000000000000000000e+00,-3.015867154053870555e-02,0.000000000000000000e+00
0.000000000000000000e+00,-1.307597088080470621e-02,0.000000000000000000e+00
0.000000000000000000e+00,4.010547096628021280e-03,0.000000000000000000e+00
0.000000000000000000e+00,2.109589425985864200e-02,0.000000000000000000e+00
0.000000000000000000e+00,3.817508281878655152e-02,0.000000000000000000e+00
0.000000000000000000e+00,5.524312678121581777e-02,0.000000000000000000e+00
0.000000000000000000e+00,7.229504340843476151e-02,0.000000000000000000e+00
0.000000000000000000e+00,8.932585466984577227e-02,0.000000000000000000e+00
0.000000000000000000e+00,1.063305886962205710e-01,0.000000000000000000e+00
0.000000000000000000e+00,1.233042812311568870e-01,0.000000000000000000e+00
0.000000000000000000e+00,1.402419770803126076e-01,0.000000000000000000e+00
0.000000000000000000e+00,1.571387315579943766e-01,0.000000000000000000e+00
0.000000000000000000e+00,1.739896119306784950e-01,0.000000000000000000e+00
0.000000000000000000e+00,1.907896988570424723e-01,0.000000000000000000e+00
0.000000000000000000e+00,2.075340878240869436e-01,0.000000000000000000e+00
0.000000000000000000e+00,2.242178905789287413e-01,0.000000000000000000e+00
0.000000000000000000e+00,2.408362365558470719e-01,0.000000000000000000e+00
0.000000000000000000e+00,2.573842742981661824e-01,0.000000000000000000e+00
0.000000000000000000e+00,2.738571728745595735e-01,0.000000000000000000e+00
0.000000000000000000e+00,2.902501232893619498e-01,0.000000000000000000e+00
0.000000000000000000e+00,3.065583398864776266e-01,0.000000000000000000e+00
0.000000000000000000e+00,3.227770617464751912e-01,0.000000000000000000e+00
0.000000000000000000e+00,3.389015540764607759e-01,0.000000000000000000e+00
0.000000000000000000e+00,3.549271095923240416e-01,0.000000000000000000e+00
0.000000000000000000e+00,3.708490498929535306e-01,0.000000000000000000e+00
0.000000000000000000e+00,3.866627268260198758e-01,0.000000000000000000e+00
0.000000000000000000e+00,4.023635238449286833e-01,0.000000000000000000e+00
0.000000000000000000e+00,4.179468573565463529e-01,0.000000000000000000e+00
0.000000000000000000e+00,4.334081780593058153e-01,0.000000000000000000e+00
0.000000000000000000e+00,4.487429722713013325e-01,0.000000000000000000e+00
0.000000000000000000e+00,4.639467632479847836e-01,0.000000000000000000e+00
0.000000000000000000e+00,4.790151124890786871e-01,0.000000000000000000e+00
0.000000000000000000e+00,4.939436210343243205e-01,0.000000000000000000e+00
0.000000000000000000e+00,5.087279307476869628e-01,0.000000000000000000e+00
0.000000000000000000e+00,5.233637255896428364e-01,0.000000000000000000e+00
0.000000000000000000e+00,5.378467328771771028e-01,0.000000000000000000e+00
0.000000000000000000e+00,5.521727245311243149e-01,0.000000000000000000e+00
0.000000000000000000e+00,5.663375183104875088e-01,0.000000000000000000e+00
0.000000000000000000e+00,5.803369790333757772e-01,0.000000000000000000e+00
0.000000000000000000e+00,5.941670197842034984e-01,0.000000000000000000e+00
0.000000000000000000e+00,6.078236031067989487e-01,0.000000000000000000e+00
0.000000000000000000e+00,6.213027421830745745e-01,0.000000000000000000e+00
0.000000000000000000e+00,6.346005019969135352e-01,0.000000000000000000e+00
0.000000000000000000e+00,6.477130004829338983e-01,0.000000000000000000e+00
0.000000000000000000e+00,6.606364096597947544e-01,0.000000000000000000e+00
0.000000000000000000e+00,6.733669567477135187e-01,0.000000000000000000e+00
0.000000000000000000e+00,6.859009252698673453e-01,0.000000000000000000e+00
0.000000000000000000e+00,6.982346561373586891e-01,0.000000000000000000e+00
0.000000000000000000e+00,7.103645487174268247e-01,0.000000000000000000e+00
0.000000000000000000e+00,7.222870618845941282e-01,0.000000000000000000e+00
0.000000000000000000e+00,7.339987150544405869e-01,0.000000000000000000e+00
0.000000000000000000e+00,7.454960891997034489e-01,0.000000000000000000e+00
0.000000000000000000e+00,7.567758278484072454e-01,0.000000000000000000e+00
0.000000000000000000e+00,7.678346380637313118e-01,0.000000000000000000e+00
0.000000000000000000e+00,7.786692914053290338e-01,0.000000000000000000e+00
0.000000000000000000e+00,7.892766248718189326e-01,0.000000000000000000e+00
0.000000000000000000e+00,7.996535418241714765e-01,0.000000000000000000e+00
0.000000000000000000e+00,8.097970128897227227e-01,0.000000000000000000e+00
0.000000000000000000e+00,8.197040768465506666e-01,0.000000000000000000e+00
0.000000000000000000e+00,8.293718414879557299e-01,0.000000000000000000e+00
0.000000000000000000e+00,8.387974844667936969e-01,0.000000000000000000e+00
0.000000000000000000e+00,8.479782541194141876e-01,0.000000000000000000e+00
0.000000000000000000e+00,8.569114702689645258e-01,0.000000000000000000e+00
0.000000000000000000e+00,8.655945250078234121e-01,0.000000000000000000e+00
0.000000000000000000e+00,8.740248834589378069e-01,0.000000000000000000e+00
0.000000000000000000e+00,8.822000845158386451e-01,0.000000000000000000e+00
0.000000000000000000e+00,8.901177415611215560e-01,0.000000000000000000e+00
0.000000000000000000e+00,8.977755431631805338e-01,0.000000000000000000e+00
0.000000000000000000e+00,9.051712537509933876e-01,0.000000000000000000e+00
0.000000000000000000e+00,9.123027142667602396e-01,0.000000000000000000e+00
0.000000000000000000e+00,9.191678427962054476e-01,0.000000000000000000e+00
0.000000000000000000e+00,9.257646351763587633e-01,0.000000000000000000e+00
0.000000000000000000e+00,9.320911655806380924e-01,0.000000000000000000e+00
0.000000000000000000e+00,9.381455870810636588e-01,0.000000000000000000e+00
0.000000000000000000e+00,9.439261321874383714e-01,0.000000000000000000e+00
0.000000000000000000e+00,9.494311133633379640e-01,0.000000000000000000e+00
0.000000000000000000e+00,9.546589235187601385e-01,0.000000000000000000e+00
0.000000000000000000e+00,9.596080364792881623e-01,0.000000000000000000e+00
0.000000000000000000e+00,9.642770074316329154e-01,0.000000000000000000e+00
0.000000000000000000e+00,9.686644733454226053e-01,0.000000000000000000e+00
0.000000000000000000e+00,9.727691533711173566e-01,0.000000000000000000e+00
0.000000000000000000e+00,9.765898492139326592e-01,0.000000000000000000e+00
0.000000000000000000e+00,9.801254454836618724e-01,0.000000000000000000e+00
0.000000000000000000e+00,9.833749100202964222e-01,0.000000000000000000e+00
0.000000000000000000e+00,9.863372941953483242e-01,0.000000000000000000e+00
0.000000000000000000e+00,9.890117331887865459e-01,0.000000000000000000e+00
0.000000000000000000e+00,9.913974462415074962e-01,0.000000000000000000e+00
0.000000000000000000e+00,9.934937368832648108e-01,0.000000000000000000e+00
0.000000000000000000e+00,9.952999931359927110e-01,0.000000000000000000e+00
0.000000000000000000e+00,9.968156876924628707e-01,0.000000000000000000e+00
0.000000000000000000e+00,9.980403780702234995e-01,0.000000000000000000e+00
0.000000000000000000e+00,9.989737067407745696e-01,0.000000000000000000e+00
0.000000000000000000e+00,9.996154012339426576e-01,0.000000000000000000e+00
0.000000000000000000e+00,9.999652742174243159e-01,0.000000000000000000e+00
0.000000000000000000e+00,1.000023223551474549e+00,0.000000000000000000e+00
0.000000000000000000e+00,9.997892323187246300e-01,0.000000000000000000e+00
0.000000000000000000e+00,9.992633688291213678e-01,0.000000000000000000e+00
0.000000000000000000e+00,9.984457865999848414e-01,0.000000000000000000e+00
0.000000000000000000e+00,9.973367243111913583e-01,0.000000000000000000e+00
0.000000000000000000e+00,9.959365057354949702e-01,0.000000000000000000e+00
0.000000000000000000e+00,9.942455396440071924e-01,0.000000000000000000e+00
0.000000000000000000e+00,9.922643196868629056e-01,0.000000000000000000e+00
0.000000000000000000e+00,9.899934242491071901e-01,0.000000000000000000e+00
0.000000000000000000e+00,9.874335162818452805e-01,0.000000000000000000e+00
0.000000000000000000e+00,9.845853431087044916e-01,0.000000000000000000e+00
0.000000000000000000e+00,9.814497362076655129e-01,0.000000000000000000e+00
0.000000000000000000e+00,9.780276109683256891e-01,0.000000000000000000e+00
0.000000000000000000e+00,9.743199664246658953e-01,0.000000000000000000e+00
0.000000000000000000e+00,9.703278849633989456e-01,0.000000000000000000e+00
0.000000000000000000e+00,9.660525320079840217e-01,0.000000000000000000e+00
0.000000000000000000e+00,9.614951556784003817e-01,0.000000000000000000e+00
0.000000000000000000e+00,9.566570864267790464e-01,0.000000000000000000e+00
0.000000000000000000e+00,9.515397366489986020e-01,0.000000000000000000e+00
0.000000000000000000e+00,9.461446002723594706e-01,0.000000000000000000e+00
0.000000000000000000e+00,9.404732523194557769e-01,0.000000000000000000e+00
0.000000000000000000e+00,9.345273484483731519e-01,0.000000000000000000e+00
0.000000000000000000e+00,9.283086244693461442e-01,0.000000000000000000e+00
0.000000000000000000e+00,9.218188958380166831e-01,0.000000000000000000e+00
0.000000000000000000e+00,9.150600571254411397e-01,0.000000000000000000e+00
0.000000000000000000e+00,9.080340814650009751e-01,0.000000000000000000e+00
0.000000000000000000e+00,9.007430199763785117e-01,0.000000000000000000e+00
0.000000000000000000e+00,8.931890011667658058e-01,0.000000000000000000e+00
0.000000000000000000e+00,8.853742303094815913e-01,0.000000000000000000e+00
0.000000000000000000e+00,8.773009888001771506e-01,0.000000000000000000e+00
0.000000000000000000e+00,8.689716334908201834e-01,0.000000000000000000e+00
0.000000000000000000e+00,8.603885960016498524e-01,0.000000000000000000e+00
0.000000000000000000e+00,8.515543820113049556e-01,0.000000000000000000e+00
0.000000000000000000e+00,8.424715705253312814e-01,0.000000000000000000e+00
0.000000000000000000e+00,8.331428131232831991e-01,0.000000000000000000e+00
0.000000000000000000e+00,8.235708331846376407e-01,0.000000000000000000e+00
0.000000000000000000e+00,8.137584250937477393e-01,0.000000000000000000e+00
0.000000000000000000e+00,8.037084534240676037e-01,0.000000000000000000e+00
0.000000000000000000e+00,7.934238521018867063e-01,0.000000000000000000e+00
0.000000000000000000e+00,7.829076235498173553e-01,0.000000000000000000e+00
0.000000000000000000e+00,7.721628378102863843e-01,0.000000000000000000e+00
0.000000000000000000e+00,7.611926316492859668e-01,0.000000000000000000e+00
0.000000000000000000e+00,7.500002076406454554e-01,0.000000000000000000e+00
0.000000000000000000e+00,7.385888332310920346e-01,0.000000000000000000e+00
0.000000000000000000e+00,7.269618397863727433e-01,0.000000000000000000e+00
0.000000000000000000e+00,7.151226216187159812e-01,0.000000000000000000e+00
0.000000000000000000e+00,7.030746349959172692e-01,0.000000000000000000e+00
0.000000000000000000e+00,6.908213971323378111e-01,0.000000000000000000e+00
0.000000000000000000e+00,6.783664851621109548e-01,0.000000000000000000e+00
0.000000000000000000e+00,6.657135350948556463e-01,0.000000000000000000e+00
0.000000000000000000e+00,6.528662407542025203e-01,0.000000000000000000e+00
0.000000000000000000e+00,6.398283526994419379e-01,0.000000000000000000e+00
0.000000000000000000e+00,6.266036771306090492e-01,0.000000000000000000e+00
0.000000000000000000e+00,6.131960747773251841e-01,0.000000000000000000e+00
0.000000000000000000e+00,5.996094597717208652e-01,0.000000000000000000e+00
0.000000000000000000e+00,5.858477985057679582e-01,0.000000000000000000e+00
0.000000000000000000e+00,5.719151084733560264e-01,0.000000000000000000e+00
0.000000000000000000e+00,5.578154570974502846e-01,0.000000000000000000e+00
0.000000000000000000e+00,5.435529605426729916e-01,0.000000000000000000e+00
0.000000000000000000e+00,5.291317825136564457e-01,0.000000000000000000e+00
0.000000000000000000e+00,5.145561330395165278e-01,0.000000000000000000e+00
0.000000000000000000e+00,4.998302672448030615e-01,0.000000000000000000e+00
0.000000000000000000e+00,4.849584841072852592e-01,0.000000000000000000e+00
0.000000000000000000e+00,4.699451252029347992e-01,0.000000000000000000e+00
0.000000000000000000e+00,4.547945734384731264e-01,0.000000000000000000e+00
0.000000000000000000e+00,4.395112517718528511e-01,0.000000000000000000e+00
0.000000000000000000e+00,4.240996219210470541e-01,0.000000000000000000e+00
0.000000000000000000e+00,4.085641830615228121e-01,0.000000000000000000e+00
0.000000000000000000e+00,3.929094705127800791e-01,0.000000000000000000e+00
0.000000000000000000e+00,3.771400544143385103e-01,0.000000000000000000e+00
0.000000000000000000e+00,3.612605383915594714e-01,0.000000000000000000e+00
0.000000000000000000e+00,3.452755582116922017e-01,0.000000000000000000e+00
0.000000000000000000e+00,3.291897804305367048e-01,0.000000000000000000e+00
0.000000000000000000e+00,3.130079010301183851e-01,0.000000000000000000e+00
0.000000000000000000e+00,2.967346440477724445e-01,0.000000000000000000e+00
0.000000000000000000e+00,2.803747601970374981e-01,0.000000000000000000e+00
0.000000000000000000e+00,2.639330254807620291e-01,0.000000000000000000e+00
0.000000000000000000e+00,2.474142397968275564e-01,0.000000000000000000e+00
0.000000000000000000e+00,2.308232255368964370e-01,0.000000000000000000e+00
0.000000000000000000e+00,2.141648261785927543e-01,0.000000000000000000e+00
0.000000000000000000e+00,1.974439048715275757e-01,0.000000000000000000e+00
0.000000000000000000e+00,1.806653430175811925e-01,0.000000000000000000e+00
0.000000000000000000e+00,1.638340388458570662e-01,0.000000000000000000e+00
0.000000000000000000e+00,1.469549059827232051e-01,0.000000000000000000e+00
0.000000000000000000e+00,1.300328720173586639e-01,0.000000000000000000e+00
0.000000000000000000e+00,1.130728770632237062e-01,0.000000000000000000e+00
0.000000000000000000e+00,9.607987231587383770e-02,0.000000000000000000e+00
0.000000000000000000e+00,7.905881860753848078e-02,0.000000000000000000e+00
0.000000000000000000e+00,6.201468495888647070e-02,0.000000000000000000e+00
0.000000000000000000e+00,4.495244712840104628e-02,0.000000000000000000e+00
0.000000000000000000e+00,2.787708615978777560e-02,0.000000000000000000e+00
0.000000000000000000e+00,1.079358692783966012e-02,0.000000000000000000e+00
0.000000000000000000e+00,-6.293063316816269182e-03,0.000000000000000000e+00
0.000000000000000000e+00,-2.337787640366590508e-02,0.000000000000000000e+00
0.000000000000000000e+00,-4.045586469852358036e-02,0.000000000000000000e+00
0.000000000000000000e+00,-5.752204255959100093e-02,0.000000000000000000e+00
0.000000000000000000e+00,-7.457142779293453316e-02,0.000000000000000000e+00
