0.000000000000000000e+00,0.000000000000000000e+00,0.000000000000000000e+00
0.000000000000000000e+00,-2.999999999999999889e-02,0.000000000000000000e+00
0.000000000000000000e+00,-5.999100000000000266e-02,0.000000000000000000e+00
0.000000000000000000e+00,-8.996400270000000365e-02,0.000000000000000000e+00
0.000000000000000000e+00,-1.199100161991900060e-01,0.000000000000000000e+00
0.000000000000000000e+00,-1.498200566935202482e-01,0.000000000000000000e+00
0.000000000000000000e+00,-1.796851511708424387e-01,0.000000000000000000e+00
0.000000000000000000e+00,-2.094963401028133720e-01,0.000000000000000000e+00
0.000000000000000000e+00,-2.392446801327534622e-01,0.000000000000000000e+00
0.000000000000000000e+00,-2.689212467586536981e-01,0.000000000000000000e+00
0.000000000000000000e+00,-2.985171370105263455e-01,0.000000000000000000e+00
0.000000000000000000e+00,-3.280234721212958449e-01,0.000000000000000000e+00
0.000000000000000000e+00,-3.574314001904289606e-01,0.000000000000000000e+00
0.000000000000000000e+00,-3.867320988395049342e-01,0.000000000000000000e+00
0.000000000000000000e+00,-4.159167778589290543e-01,0.000000000000000000e+00
0.000000000000000000e+00,-4.449766818449955030e-01,0.000000000000000000e+00
0.000000000000000000e+00,-4.739030928265084430e-01,0.000000000000000000e+00
0.000000000000000000e+00,-5.026873328801734209e-01,0.000000000000000000e+00
0.000000000000000000e+00,-5.313207667339743256e-01,0.000000000000000000e+00
0.000000000000000000e+00,-5.597948043577550825e-01,0.000000000000000000e+00
0.000000000000000000e+00,-5.881009035402284812e-01,0.000000000000000000e+00
0.000000000000000000e+00,-6.162305724516398131e-01,0.000000000000000000e+00
0.000000000000000000e+00,-6.441753721913157094e-01,0.000000000000000000e+00
0.000000000000000000e+00,-6.719269193193342371e-01,0.000000000000000000e+00
0.000000000000000000e+00,-6.994768883715569707e-01,0.000000000000000000e+00
0.000000000000000000e+00,-7.268170143572681985e-01,0.000000000000000000e+00
0.000000000000000000e+00,-7.539390952386721967e-01,0.000000000000000000e+00
0.000000000000000000e+00,-7.808349943915046110e-01,0.000000000000000000e+00
0.000000000000000000e+00,-8.074966430460195355e-01,0.000000000000000000e+00
0.000000000000000000e+00,-8.339160427076206528e-01,0.000000000000000000e+00
0.000000000000000000e+00,-8.600852675564095717e-01,0.000000000000000000e+00
0.000000000000000000e+00,-8.859964668249314945e-01,0.000000000000000000e+00
0.000000000000000000e+00,-9.116418671534060048e-01,0.000000000000000000e+00
0.000000000000000000e+00,-9.370137749217344325e-01,0.000000000000000000e+00
0.000000000000000000e+00,-9.621045785575863540e-01,0.000000000000000000e+00
0.000000000000000000e+00,-9.869067508198710037e-01,0.000000000000000000e+00
0.000000000000000000e+00,-1.011412851056909812e+00,0.000000000000000000e+00
0.000000000000000000e+00,-1.035615527438631389e+00,0.000000000000000000e+00
0.000000000000000000e+00,-1.059507519162121492e+00,0.000000000000000000e+00
0.000000000000000000e+00,-1.083081658629862831e+00,0.000000000000000000e+00
0.000000000000000000e+00,-1.106330873600015252e+00,0.000000000000000000e+00
0.000000000000000000e+00,-1.129248189308087680e+00,0.000000000000000000e+00
0.000000000000000000e+00,-1.151826730559367684e+00,0.000000000000000000e+00
0.000000000000000000e+00,-1.174059723791479826e+00,0.000000000000000000e+00
0.000000000000000000e+00,-1.195940499106454613e+00,0.000000000000000000e+00
0.000000000000000000e+00,-1.217462492271697450e+00,0.000000000000000000e+00
0.000000000000000000e+00,-1.238619246689258713e+00,0.000000000000000000e+00
0.000000000000000000e+00,-1.259404415332813221e+00,0.000000000000000000e+00
0.000000000000000000e+00,-1.279811762651767992e+00,0.000000000000000000e+00
0.000000000000000000e+00,-1.299835166441927203e+00,0.000000000000000000e+00
0.000000000000000000e+00,-1.319468619682153898e+00,0.000000000000000000e+00
0.000000000000000000e+00,-1.338706232336475788e+00,0.000000000000000000e+00
0.000000000000000000e+00,-1.357542233121096897e+00,0.000000000000000000e+00
0.000000000000000000e+00,-1.375970971235781493e+00,0.000000000000000000e+00
0.000000000000000000e+00,-1.393986918059095359e+00,0.000000000000000000e+00
0.000000000000000000e+00,-1.411584668806991516e+00,0.000000000000000000e+00
0.000000000000000000e+00,-1.428758944154245647e+00,0.000000000000000000e+00
0.000000000000000000e+00,-1.445504591818253415e+00,0.000000000000000000e+00
0.000000000000000000e+00,-1.461816588104715819e+00,0.000000000000000000e+00
0.000000000000000000e+00,-1.477690039414746748e+00,0.000000000000000000e+00
0.000000000000000000e+00,-1.493120183712953297e+00,0.000000000000000000e+00
0.000000000000000000e+00,-1.508102391956045896e+00,0.000000000000000000e+00
0.000000000000000000e+00,-1.522632169481551667e+00,0.000000000000000000e+00
0.000000000000000000e+00,-1.536705157356212936e+00,0.000000000000000000e+00
0.000000000000000000e+00,-1.550317133683667414e+00,0.000000000000000000e+00
0.000000000000000000e+00,-1.563464014871016827e+00,0.000000000000000000e+00
0.000000000000000000e+00,-1.576141856853904955e+00,0.000000000000000000e+00
0.000000000000000000e+00,-1.588346856279736929e+00,0.000000000000000000e+00
0.000000000000000000e+00,-1.600075351648684974e+00,0.000000000000000000e+00
0.000000000000000000e+00,-1.611323824412138395e+00,0.000000000000000000e+00
0.000000000000000000e+00,-1.622088900028268110e+00,0.000000000000000000e+00
0.000000000000000000e+00,-1.632367348974389287e+00,0.000000000000000000e+00
0.000000000000000000e+00,-1.642156087715818336e+00,0.000000000000000000e+00
0.000000000000000000e+00,-1.651452179630932493e+00,0.000000000000000000e+00
0.000000000000000000e+00,-1.660252835892157330e+00,0.000000000000000000e+00
0.000000000000000000e+00,-1.668555416302614613e+00,0.000000000000000000e+00
0.000000000000000000e+00,-1.676357430088181166e+00,0.000000000000000000e+00
0.000000000000000000e+00,-1.683656536644721147e+00,0.000000000000000000e+00
0.000000000000000000e+00,-1.690450546240267693e+00,0.000000000000000000e+00
0.000000000000000000e+00,-1.696737420671942331e+00,0.000000000000000000e+00
0.000000000000000000e+00,-1.702515273877415192e+00,0.000000000000000000e+00
0.000000000000000000e+00,-1.707782372500724843e+00,0.000000000000000000e+00
0.000000000000000000e+00,-1.712537136412284333e+00,0.000000000000000000e+00
0.000000000000000000e+00,-1.716778139182920215e+00,0.000000000000000000e+00
0.000000000000000000e+00,-1.720504108511801133e+00,0.000000000000000000e+00
0.000000000000000000e+00,-1.723713926608128499e+00,0.000000000000000000e+00
0.000000000000000000e+00,-1.726406630526473585e+00,0.000000000000000000e+00
0.000000000000000000e+00,-1.728581412455660660e+00,0.000000000000000000e+00
0.000000000000000000e+00,-1.730237619961110918e+00,0.000000000000000000e+00
0.000000000000000000e+00,-1.731374756180573016e+00,0.000000000000000000e+00
0.000000000000000000e+00,-1.731992479973180954e+00,0.000000000000000000e+00
0.000000000000000000e+00,-1.732090606021796875e+00,0.000000000000000000e+00
0.000000000000000000e+00,-1.731669104888606148e+00,0.000000000000000000e+00
0.000000000000000000e+00,-1.730728103023948972e+00,0.000000000000000000e+00
0.000000000000000000e+00,-1.729267882728384498e+00,0.000000000000000000e+00
0.000000000000000000e+00,-1.727288882068001463e+00,0.000000000000000000e+00
0.000000000000000000e+00,-1.724791694742998205e+00,0.000000000000000000e+00
0.000000000000000000e+00,-1.721777069909572022e+00,0.000000000000000000e+00
0.000000000000000000e+00,-1.718245911955172955e+00,0.000000000000000000e+00
0.000000000000000000e+00,-1.714199280227187261e+00,0.000000000000000000e+00
0.000000000000000000e+00,-1.709638388715133406e+00,0.000000000000000000e+00
0.000000000000000000e+00,-1.704564605686464951e+00,0.000000000000000000e+00
0.000000000000000000e+00,-1.698979453276090679e+00,0.000000000000000000e+00
0.000000000000000000e+00,-1.692884607029733646e+00,0.000000000000000000e+00
0.000000000000000000e+00,-1.686281895401267716e+00,0.000000000000000000e+00
0.000000000000000000e+00,-1.679173299204181236e+00,0.000000000000000000e+00
0.000000000000000000e+00,-1.671560951017333485e+00,0.000000000000000000e+00
0.000000000000000000e+00,-1.663447134545180672e+00,0.000000000000000000e+00
0.000000000000000000e+00,-1.654834283932664185e+00,0.000000000000000000e+00
0.000000000000000000e+00,-1.645724983034968059e+00,0.000000000000000000e+00
0.000000000000000000e+00,-1.636121964642361259e+00,0.000000000000000000e+00
0.000000000000000000e+00,-1.626028109660361931e+00,0.000000000000000000e+00
0.000000000000000000e+00,-1.615446446245464296e+00,0.000000000000000000e+00
0.000000000000000000e+00,-1.604380148896693115e+00,0.000000000000000000e+00
0.000000000000000000e+00,-1.592832537503252821e+00,0.000000000000000000e+00
0.000000000000000000e+00,-1.580807076348561768e+00,0.000000000000000000e+00
0.000000000000000000e+00,-1.568307373070966015e+00,0.000000000000000000e+00
0.000000000000000000e+00,-1.555337177581449071e+00,0.000000000000000000e+00
0.000000000000000000e+00,-1.541900380938657555e+00,0.000000000000000000e+00
0.000000000000000000e+00,-1.528001014181584516e+00,0.000000000000000000e+00
0.000000000000000000e+00,-1.513643247120256996e+00,0.000000000000000000e+00
0.000000000000000000e+00,-1.498831387084793354e+00,0.000000000000000000e+00
0.000000000000000000e+00,-1.483569877633204248e+00,0.000000000000000000e+00
0.000000000000000000e+00,-1.467863297218325203e+00,0.000000000000000000e+00
0.000000000000000000e+00,-1.451716357814280656e+00,0.000000000000000000e+00
0.000000000000000000e+00,-1.435133903502891828e+00,0.000000000000000000e+00
0.000000000000000000e+00,-1.418120909020452070e+00,0.000000000000000000e+00
0.000000000000000000e+00,-1.400682478265306230e+00,0.000000000000000000e+00
0.000000000000000000e+00,-1.382823842766680800e+00,0.000000000000000000e+00
0.000000000000000000e+00,-1.364550360115225347e+00,0.000000000000000000e+00
0.000000000000000000e+00,-1.345867512355735318e+00,0.000000000000000000e+00
0.000000000000000000e+00,-1.326780904342538703e+00,0.000000000000000000e+00
0.000000000000000000e+00,-1.307296262058039282e+00,0.000000000000000000e+00
0.000000000000000000e+00,-1.287419430894922501e+00,0.000000000000000000e+00
0.000000000000000000e+00,-1.267156373902537103e+00,0.000000000000000000e+00
0.000000000000000000e+00,-1.246513169997981008e+00,0.000000000000000000e+00
0.000000000000000000e+00,-1.225496012142425428e+00,0.000000000000000000e+00
0.000000000000000000e+00,-1.204111205483227254e+00,0.000000000000000000e+00
0.000000000000000000e+00,-1.182365165462384127e+00,0.000000000000000000e+00
0.000000000000000000e+00,-1.160264415891902212e+00,0.000000000000000000e+00
0.000000000000000000e+00,-1.137815586996652861e+00,0.000000000000000000e+00
0.000000000000000000e+00,-1.115025413425304368e+00,0.000000000000000000e+00
0.000000000000000000e+00,-1.091900732229928339e+00,0.000000000000000000e+00
0.000000000000000000e+00,-1.068448480814883306e+00,0.000000000000000000e+00
0.000000000000000000e+00,-1.044675694855593751e+00,0.000000000000000000e+00
0.000000000000000000e+00,-1.020589506187847606e+00,0.000000000000000000e+00
0.000000000000000000e+00,-9.961971406682450514e-01,0.000000000000000000e+00
0.000000000000000000e+00,-9.715059160064420940e-01,0.000000000000000000e+00
0.000000000000000000e+00,-9.465232395698371937e-01,0.000000000000000000e+00
0.000000000000000000e+00,-9.212566061613612911e-01,0.000000000000000000e+00
0.000000000000000000e+00,-8.957135957710370411e-01,0.000000000000000000e+00
0.000000000000000000e+00,-8.699018713019814886e-01,0.000000000000000000e+00
0.000000000000000000e+00,-8.438291762715353084e-01,0.000000000000000000e+00
0.000000000000000000e+00,-8.175033324882076124e-01,0.000000000000000000e+00
0.000000000000000000e+00,-7.909322377051335451e-01,0.000000000000000000e+00
0.000000000000000000e+00,-7.641238632507478812e-01,0.000000000000000000e+00
0.000000000000000000e+00,-7.370862516373869466e-01,0.000000000000000000e+00
0.000000000000000000e+00,-7.098275141485348438e-01,0.000000000000000000e+00
0.000000000000000000e+00,-6.823558284054381806e-01,0.000000000000000000e+00
0.000000000000000000e+00,-6.546794359138199404e-01,0.000000000000000000e+00
0.000000000000000000e+00,-6.268066395914274613e-01,0.000000000000000000e+00
0.000000000000000000e+00,-5.987458012771575966e-01,0.000000000000000000e+00
0.000000000000000000e+00,-5.705053392225045705e-01,0.000000000000000000e+00
0.000000000000000000e+00,-5.420937255660848164e-01,0.000000000000000000e+00
0.000000000000000000e+00,-5.135194837919951905e-01,0.000000000000000000e+00
0.000000000000000000e+00,-4.847911861727680072e-01,0.000000000000000000e+00
0.000000000000000000e+00,-4.559174511976890054e-01,0.000000000000000000e+00
0.000000000000000000e+00,-4.269069409872506826e-01,0.000000000000000000e+00
0.000000000000000000e+00,-3.977683586945162109e-01,0.000000000000000000e+00
0.000000000000000000e+00,-3.685104458941733663e-01,0.000000000000000000e+00
0.000000000000000000e+00,-3.391419799600622897e-01,0.000000000000000000e+00
0.000000000000000000e+00,-3.096717714319631720e-01,0.000000000000000000e+00
0.000000000000000000e+00,-2.801086613724344532e-01,0.000000000000000000e+00
0.000000000000000000e+00,-2.504615187144940136e-01,0.000000000000000000e+00
0.000000000000000000e+00,-2.207392376009392199e-01,0.000000000000000000e+00
0.000000000000000000e+00,-1.909507347161041313e-01,0.000000000000000000e+00
0.000000000000000000e+00,-1.611049466108542272e-01,0.000000000000000000e+00
0.000000000000000000e+00,-1.312108270216210681e-01,0.000000000000000000e+00
0.000000000000000000e+00,-1.012773441842814148e-01,0.000000000000000000e+00
0.000000000000000000e+00,-7.131347814368647897e-02,0.000000000000000000e+00
0.000000000000000000e+00,-4.132821805964843886e-02,0.000000000000000000e+00
0.000000000000000000e+00,-1.133055951019251023e-02,0.000000000000000000e+00
0.000000000000000000e+00,1.867049820711648087e-02,0.000000000000000000e+00
0.000000000000000000e+00,4.866595477496334088e-02,0.000000000000000000e+00
0.000000000000000000e+00,7.864681155637770482e-02,0.000000000000000000e+00
0.000000000000000000e+00,1.086040742943251564e-01,0.000000000000000000e+00
0.000000000000000000e+00,1.385287558099843053e-01,0.000000000000000000e+00
0.000000000000000000e+00,1.684118786989004524e-01,0.000000000000000000e+00
0.000000000000000000e+00,1.982444780242069438e-01,0.000000000000000000e+00
0.000000000000000000e+00,2.280176040061061560e-01,0.000000000000000000e+00
0.000000000000000000e+00,2.577223247068035628e-01,0.000000000000000000e+00
0.000000000000000000e+00,2.873497287100889030e-01,0.000000000000000000e+00
0.000000000000000000e+00,3.168909277947612457e-01,0.000000000000000000e+00
0.000000000000000000e+00,3.463370596010951208e-01,0.000000000000000000e+00
0.000000000000000000e+00,3.756792902895487174e-01,0.000000000000000000e+00
0.000000000000000000e+00,4.049088171909154266e-01,0.000000000000000000e+00
0.000000000000000000e+00,4.340168714471248634e-01,0.000000000000000000e+00
0.000000000000000000e+00,4.629947206419001704e-01,0.000000000000000000e+00
0.000000000000000000e+00,4.918336714204828986e-01,0.000000000000000000e+00
0.000000000000000000e+00,5.205250720976394296e-01,0.000000000000000000e+00
0.000000000000000000e+00,5.490603152531666753e-01,0.000000000000000000e+00
0.000000000000000000e+00,5.774308403141179546e-01,0.000000000000000000e+00
0.000000000000000000e+00,6.056281361229750582e-01,0.000000000000000000e+00
0.000000000000000000e+00,6.336437434909952815e-01,0.000000000000000000e+00
0.000000000000000000e+00,6.614692577359682080e-01,0.000000000000000000e+00
0.000000000000000000e+00,6.890963312036203492e-01,0.000000000000000000e+00
0.000000000000000000e+00,7.165166757719113599e-01,0.000000000000000000e+00
0.000000000000000000e+00,7.437220653374707613e-01,0.000000000000000000e+00
0.000000000000000000e+00,7.707043382834289913e-01,0.000000000000000000e+00
0.000000000000000000e+00,7.974553999279021532e-01,0.000000000000000000e+00
0.000000000000000000e+00,8.239672249523969372e-01,0.000000000000000000e+00
0.000000000000000000e+00,8.502318598094060764e-01,0.000000000000000000e+00
0.000000000000000000e+00,8.762414251084723604e-01,0.000000000000000000e+00
0.000000000000000000e+00,9.019881179800061100e-01,0.000000000000000000e+00
0.000000000000000000e+00,9.274642144161457935e-01,0.000000000000000000e+00
0.000000000000000000e+00,9.526620715879606793e-01,0.000000000000000000e+00
0.000000000000000000e+00,9.775741301382991910e-01,0.000000000000000000e+00
0.000000000000000000e+00,1.002192916449596183e+00,0.000000000000000000e+00
0.000000000000000000e+00,1.026511044885958235e+00,0.000000000000000000e+00
0.000000000000000000e+00,1.050521220008854506e+00,0.000000000000000000e+00
0.000000000000000000e+00,1.074216238765748122e+00,0.000000000000000000e+00
0.000000000000000000e+00,1.097588992651012063e+00,0.000000000000000000e+00
0.000000000000000000e+00,1.120632469838480638e+00,0.000000000000000000e+00
0.000000000000000000e+00,1.143339757284997704e+00,0.000000000000000000e+00
0.000000000000000000e+00,1.165704042804329266e+00,0.000000000000000000e+00
0.000000000000000000e+00,1.187718617110819608e+00,0.000000000000000000e+00
0.000000000000000000e+00,1.209376875832176790e+00,0.000000000000000000e+00
0.000000000000000000e+00,1.230672321490784205e+00,0.000000000000000000e+00
0.000000000000000000e+00,1.251598565452944456e+00,0.000000000000000000e+00
0.000000000000000000e+00,1.272149329845468690e+00,0.000000000000000000e+00
0.000000000000000000e+00,1.292318449439039396e+00,0.000000000000000000e+00
0.000000000000000000e+00,1.312099873497778235e+00,0.000000000000000000e+00
0.000000000000000000e+00,1.331487667594467794e+00,0.000000000000000000e+00
0.000000000000000000e+00,1.350476015390879025e+00,0.000000000000000000e+00
0.000000000000000000e+00,1.369059220382673026e+00,0.000000000000000000e+00
0.000000000000000000e+00,1.387231707608352238e+00,0.000000000000000000e+00
0.000000000000000000e+00,1.404988025321749046e+00,0.000000000000000000e+00
0.000000000000000000e+00,1.422322846627549264e+00,0.000000000000000000e+00
0.000000000000000000e+00,1.439230971079361154e+00,0.000000000000000000e+00
0.000000000000000000e+00,1.455707326239849220e+00,0.000000000000000000e+00
0.000000000000000000e+00,1.471746969202465394e+00,0.000000000000000000e+00
0.000000000000000000e+00,1.487345088074320865e+00,0.000000000000000000e+00
0.000000000000000000e+00,1.502497003419754007e+00,0.000000000000000000e+00
0.000000000000000000e+00,1.517198169664161211e+00,0.000000000000000000e+00
0.000000000000000000e+00,1.531444176457669171e+00,0.000000000000000000e+00
0.000000000000000000e+00,1.545230749998239839e+00,0.000000000000000000e+00
0.000000000000000000e+00,1.558553754313811046e+00,0.000000000000000000e+00
0.000000000000000000e+00,1.571409192503087970e+00,0.000000000000000000e+00
0.000000000000000000e+00,1.583793207934613978e+00,0.000000000000000000e+00
0.000000000000000000e+00,1.595702085403759796e+00,0.000000000000000000e+00
0.000000000000000000e+00,1.607132252247284399e+00,0.000000000000000000e+00
0.000000000000000000e+00,1.618080279415134770e+00,0.000000000000000000e+00
0.000000000000000000e+00,1.628542882499160571e+00,0.000000000000000000e+00
0.000000000000000000e+00,1.638516922718436630e+00,0.000000000000000000e+00
0.000000000000000000e+00,1.647999407860897270e+00,0.000000000000000000e+00
0.000000000000000000e+00,1.656987493180999582e+00,0.000000000000000000e+00
0.000000000000000000e+00,1.665478482253147652e+00,0.000000000000000000e+00
0.000000000000000000e+00,1.673469827780619701e+00,0.000000000000000000e+00
0.000000000000000000e+00,1.680959132359757469e+00,0.000000000000000000e+00
0.000000000000000000e+00,1.687944149199187338e+00,0.000000000000000000e+00
0.000000000000000000e+00,1.694422782793857607e+00,0.000000000000000000e+00
0.000000000000000000e+00,1.700393089553689618e+00,0.000000000000000000e+00
0.000000000000000000e+00,1.705853278386655569e+00,0.000000000000000000e+00
0.000000000000000000e+00,1.710801711236105582e+00,0.000000000000000000e+00
0.000000000000000000e+00,1.715236903572184612e+00,0.000000000000000000e+00
0.000000000000000000e+00,1.719157524837191975e+00,0.000000000000000000e+00
0.000000000000000000e+00,1.722562398844748266e+00,0.000000000000000000e+00
0.000000000000000000e+00,1.725450504132651108e+00,0.000000000000000000e+00
0.000000000000000000e+00,1.727820974269314247e+00,0.000000000000000000e+00
0.000000000000000000e+00,1.729673098113696517e+00,0.000000000000000000e+00
0.000000000000000000e+00,1.731006320028644740e+00,0.000000000000000000e+00
0.000000000000000000e+00,1.731820240047584392e+00,0.000000000000000000e+00
0.000000000000000000e+00,1.732114613994509611e+00,0.000000000000000000e+00
0.000000000000000000e+00,1.731889353557236610e+00,0.000000000000000000e+00
0.000000000000000000e+00,1.731144526313896481e+00,0.000000000000000000e+00
0.000000000000000000e+00,1.729880355712662077e+00,0.000000000000000000e+00
0.000000000000000000e+00,1.728097221004713857e+00,0.000000000000000000e+00
0.000000000000000000e+00,1.725795657130464233e+00,0.000000000000000000e+00
0.000000000000000000e+00,1.722976354559075496e+00,0.000000000000000000e+00
0.000000000000000000e+00,1.719640159081319064e+00,0.000000000000000000e+00
0.000000000000000000e+00,1.715788071555838235e+00,0.000000000000000000e+00
0.000000000000000000e+00,1.711421247608890583e+00,0.000000000000000000e+00
0.000000000000000000e+00,1.706540997287660399e+00,0.000000000000000000e+00
0.000000000000000000e+00,1.701148784667243730e+00,0.000000000000000000e+00
0.000000000000000000e+00,1.695246227411427054e+00,0.000000000000000000e+00
0.000000000000000000e+00,1.688835096287386817e+00,0.000000000000000000e+00
0.000000000000000000e+00,1.681917314634460370e+00,0.000000000000000000e+00
0.000000000000000000e+00,1.674494957787143523e+00,0.000000000000000000e+00
0.000000000000000000e+00,1.666570252452490575e+00,0.000000000000000000e+00
0.000000000000000000e+00,1.658145576042101998e+00,0.000000000000000000e+00
0.000000000000000000e+00,1.649223455958900741e+00,0.000000000000000000e+00
0.000000000000000000e+00,1.639806568838911849e+00,0.000000000000000000e+00
0.000000000000000000e+00,1.629897739748271235e+00,0.000000000000000000e+00
0.000000000000000000e+00,1.619499941335706072e+00,0.000000000000000000e+00
0.000000000000000000e+00,1.608616292940740378e+00,0.000000000000000000e+00
0.000000000000000000e+00,1.597250059657892463e+00,0.000000000000000000e+00
0.000000000000000000e+00,1.585404651357147143e+00,0.000000000000000000e+00
0.000000000000000000e+00,1.573083621660994691e+00,0.000000000000000000e+00
0.000000000000000000e+00,1.560290666878343835e+00,0.000000000000000000e+00
0.000000000000000000e+00,1.547029624895629452e+00,0.000000000000000000e+00
0.000000000000000000e+00,1.533304474025446451e+00,0.000000000000000000e+00
0.000000000000000000e+00,1.519119331813055807e+00,0.000000000000000000e+00
0.000000000000000000e+00,1.504478453801121329e+00,0.000000000000000000e+00
0.000000000000000000e+00,1.489386232253046449e+00,0.000000000000000000e+00
0.000000000000000000e+00,1.473847194835295582e+00,0.000000000000000000e+00
0.000000000000000000e+00,1.457866003259094212e+00,0.000000000000000000e+00
0.000000000000000000e+00,1.441447451881915143e+00,0.000000000000000000e+00
0.000000000000000000e+00,1.424596466269171469e+00,0.000000000000000000e+00
0.000000000000000000e+00,1.407318101716547032e+00,0.000000000000000000e+00
0.000000000000000000e+00,1.389617541733407569e+00,0.000000000000000000e+00
0.000000000000000000e+00,1.371500096487748177e+00,0.000000000000000000e+00
0.000000000000000000e+00,1.352971201213142294e+00,0.000000000000000000e+00
0.000000000000000000e+00,1.334036414578172680e+00,0.000000000000000000e+00
0.000000000000000000e+00,1.314701417018829588e+00,0.000000000000000000e+00
0.000000000000000000e+00,1.294972009034380811e+00,0.000000000000000000e+00
0.000000000000000000e+00,1.274854109447221662e+00,0.000000000000000000e+00
0.000000000000000000e+00,1.254353753627228452e+00,0.000000000000000000e+00
0.000000000000000000e+00,1.233477091681147053e+00,0.000000000000000000e+00
0.000000000000000000e+00,1.212230386607561217e+00,0.000000000000000000e+00
0.000000000000000000e+00,1.190620012417993090e+00,0.000000000000000000e+00
0.000000000000000000e+00,1.168652452224699712e+00,0.000000000000000000e+00
0.000000000000000000e+00,1.146334296295738797e+00,0.000000000000000000e+00
0.000000000000000000e+00,1.123672240077889128e+00,0.000000000000000000e+00
0.000000000000000000e+00,1.100673082188016183e+00,0.000000000000000000e+00
0.000000000000000000e+00,1.077343722373486745e+00,0.000000000000000000e+00
0.000000000000000000e+00,1.053691159442245340e+00,0.000000000000000000e+00
0.000000000000000000e+00,1.029722489163171328e+00,0.000000000000000000e+00
0.000000000000000000e+00,1.005444902137348162e+00,0.000000000000000000e+00
0.000000000000000000e+00,9.808656816408839463e-01,0.000000000000000000e+00
0.000000000000000000e+00,9.559922014399274692e-01,0.000000000000000000e+00
0.000000000000000000e+00,9.308319235785389445e-01,0.000000000000000000e+00
0.000000000000000000e+00,9.053923961400768272e-01,0.000000000000000000e+00
0.000000000000000000e+00,8.796812509827727222e-01,0.000000000000000000e+00
0.000000000000000000e+00,8.537062014501738405e-01,0.000000000000000000e+00
0.000000000000000000e+00,8.274750400571398989e-01,0.000000000000000000e+00
0.000000000000000000e+00,8.009956361520887969e-01,0.000000000000000000e+00
0.000000000000000000e+00,7.742759335561920642e-01,0.000000000000000000e+00
0.000000000000000000e+00,7.473239481802285145e-01,0.000000000000000000e+00
0.000000000000000000e+00,7.201477656198108646e-01,0.000000000000000000e+00
0.000000000000000000e+00,6.927555387297072986e-01,0.000000000000000000e+00
0.000000000000000000e+00,6.651554851779847288e-01,0.000000000000000000e+00
0.000000000000000000e+00,6.373558849807088311e-01,0.000000000000000000e+00
0.000000000000000000e+00,6.093650780179387105e-01,0.000000000000000000e+00
0.000000000000000000e+00,5.811914615317631538e-01,0.000000000000000000e+00
0.000000000000000000e+00,5.528434876071280923e-01,0.000000000000000000e+00
0.000000000000000000e+00,5.243296606362108925e-01,0.000000000000000000e+00
0.000000000000000000e+00,4.956585347671028652e-01,0.000000000000000000e+00
0.000000000000000000e+00,4.668387113375647157e-01,0.000000000000000000e+00
0.000000000000000000e+00,4.378788362946252621e-01,0.000000000000000000e+00
0.000000000000000000e+00,4.087875976007974144e-01,0.000000000000000000e+00
0.000000000000000000e+00,3.795737226276893472e-01,0.000000000000000000e+00
0.000000000000000000e+00,3.502459755377929640e-01,0.000000000000000000e+00
0.000000000000000000e+00,3.208131546552352442e-01,0.000000000000000000e+00
0.000000000000000000e+00,2.912840898262809564e-01,0.000000000000000000e+00
0.000000000000000000e+00,2.616676397703787682e-01,0.000000000000000000e+00
0.000000000000000000e+00,2.319726894225454805e-01,0.000000000000000000e+00
0.000000000000000000e+00,2.022081472678854408e-01,0.000000000000000000e+00
0.000000000000000000e+00,1.723829426690450251e-01,0.000000000000000000e+00
0.000000000000000000e+00,1.425060231874039074e-01,0.000000000000000000e+00
0.000000000000000000e+00,1.125863518988065581e-01,0.000000000000000000e+00
0.000000000000000000e+00,8.263290470463956205e-02,0.000000000000000000e+00
0.000000000000000000e+00,5.265466763906118119e-02,0.000000000000000000e+00
0.000000000000000000e+00,2.266063417319107848e-02,0.000000000000000000e+00
0.000000000000000000e+00,-7.340197482930983092e-03,0.000000000000000000e+00
0.000000000000000000e+00,-3.733882707980816507e-02,0.000000000000000000e+00
0.000000000000000000e+00,-6.732625502856140476e-02,0.000000000000000000e+00
0.000000000000000000e+00,-9.729348510080607082e-02,0.000000000000000000e+00
0.000000000000000000e+00,-1.272315271275205051e-01,0.000000000000000000e+00
0.000000000000000000e+00,-1.571313996960966852e-01,0.000000000000000000e+00
0.000000000000000000e+00,-1.869841328447640338e-01,0.000000000000000000e+00
0.000000000000000000e+00,-2.167807707535779338e-01,0.000000000000000000e+00
0.000000000000000000e+00,-2.465123744311657761e-01,0.000000000000000000e+00
0.000000000000000000e+00,-2.761700243964242407e-01,0.000000000000000000e+00
0.000000000000000000e+00,-3.057448233543638150e-01,0.000000000000000000e+00
0.000000000000000000e+00,-3.352278988652970804e-01,0.000000000000000000e+00
0.000000000000000000e+00,-3.646104060065707420e-01,0.000000000000000000e+00
0.000000000000000000e+00,-3.938835300260424277e-01,0.000000000000000000e+00
0.000000000000000000e+00,-4.230384889865063114e-01,0.000000000000000000e+00
0.000000000000000000e+00,-4.520665364002742215e-01,0.000000000000000000e+00
0.000000000000000000e+00,-4.809589638531220901e-01,0.000000000000000000e+00
0.000000000000000000e+00,-5.097071036168140390e-01,0.000000000000000000e+00
0.000000000000000000e+00,-5.383023312494209511e-01,0.000000000000000000e+00
0.000000000000000000e+00,-5.667360681826529856e-01,0.000000000000000000e+00
0.000000000000000000e+00,-5.949997842954302119e-01,0.000000000000000000e+00
0.000000000000000000e+00,-6.230850004729188152e-01,0.000000000000000000e+00
0.000000000000000000e+00,-6.509832911502655417e-01,0.000000000000000000e+00
0.000000000000000000e+00,-6.786862868402672166e-01,0.000000000000000000e+00
0.000000000000000000e+00,-7.061856766442168309e-01,0.000000000000000000e+00
0.000000000000000000e+00,-7.334732107451731320e-01,0.000000000000000000e+00
0.000000000000000000e+00,-7.605407028829058724e-01,0.000000000000000000e+00
0.000000000000000000e+00,-7.873800328097737555e-01,0.000000000000000000e+00
0.000000000000000000e+00,-8.139831487267986665e-01,0.000000000000000000e+00
0.000000000000000000e+00,-8.403420696992055516e-01,0.000000000000000000e+00
0.000000000000000000e+00,-8.664488880507027480e-01,0.000000000000000000e+00
0.000000000000000000e+00,-8.922957717357846708e-01,0.000000000000000000e+00
0.000000000000000000e+00,-9.178749666893458725e-01,0.000000000000000000e+00
0.000000000000000000e+00,-9.431787991529002602e-01,0.000000000000000000e+00
0.000000000000000000e+00,-9.681996779767088057e-01,0.000000000000000000e+00
0.000000000000000000e+00,-9.929300968971243035e-01,0.000000000000000000e+00
0.000000000000000000e+00,-1.017362636788470720e+00,0.000000000000000000e+00
0.000000000000000000e+00,-1.041489967888780566e+00,0.000000000000000000e+00
0.000000000000000000e+00,-1.065304851998723823e+00,0.000000000000000000e+00
0.000000000000000000e+00,-1.088800144653067514e+00,0.000000000000000000e+00
0.000000000000000000e+00,-1.111968797264015096e+00,0.000000000000000000e+00
0.000000000000000000e+00,-1.134803859235783641e+00,0.000000000000000000e+00
0.000000000000000000e+00,-1.157298480049781420e+00,0.000000000000000000e+00
0.000000000000000000e+00,-1.179445911319764173e+00,0.000000000000000000e+00
0.000000000000000000e+00,-1.201239508816350998e+00,0.000000000000000000e+00
0.000000000000000000e+00,-1.222672734460293009e+00,0.000000000000000000e+00
0.000000000000000000e+00,-1.243739158283896806e+00,0.000000000000000000e+00
0.000000000000000000e+00,-1.264432460360015442e+00,0.000000000000000000e+00
0.000000000000000000e+00,-1.284746432698026242e+00,0.000000000000000000e+00
0.000000000000000000e+00,-1.304674981106227483e+00,0.000000000000000000e+00
0.000000000000000000e+00,-1.324212127020096830e+00,0.000000000000000000e+00
0.000000000000000000e+00,-1.343352009295860183e+00,0.000000000000000000e+00
0.000000000000000000e+00,-1.362088885968834928e+00,0.000000000000000000e+00
0.000000000000000000e+00,-1.380417135976018894e+00,0.000000000000000000e+00
0.000000000000000000e+00,-1.398331260842410106e+00,0.000000000000000000e+00
0.000000000000000000e+00,-1.415825886330548622e+00,0.000000000000000000e+00
0.000000000000000000e+00,-1.432895764052787957e+00,0.000000000000000000e+00
0.000000000000000000e+00,-1.449535773045811382e+00,0.000000000000000000e+00
0.000000000000000000e+00,-1.465740921306921019e+00,0.000000000000000000e+00
0.000000000000000000e+00,-1.481506347291638548e+00,0.000000000000000000e+00
0.000000000000000000e+00,-1.496827321372168784e+00,0.000000000000000000e+00
0.000000000000000000e+00,-1.511699247256287348e+00,0.000000000000000000e+00
0.000000000000000000e+00,-1.526117663366229005e+00,0.000000000000000000e+00
0.000000000000000000e+00,-1.540078244177160771e+00,0.000000000000000000e+00
0.000000000000000000e+00,-1.553576801514839456e+00,0.000000000000000000e+00
0.000000000000000000e+00,-1.566609285812063490e+00,0.000000000000000000e+00
0.000000000000000000e+00,-1.579171787323544018e+00,0.000000000000000000e+00
0.000000000000000000e+00,-1.591260537298827549e+00,0.000000000000000000e+00
0.000000000000000000e+00,-1.602871909112921323e+00,0.000000000000000000e+00
0.000000000000000000e+00,-1.614002419354281237e+00,0.000000000000000000e+00
0.000000000000000000e+00,-1.624648728869834802e+00,0.000000000000000000e+00
0.000000000000000000e+00,-1.634807643766727603e+00,0.000000000000000000e+00
0.000000000000000000e+00,-1.644476116370490182e+00,0.000000000000000000e+00
0.000000000000000000e+00,-1.653651246139341779e+00,0.000000000000000000e+00
0.000000000000000000e+00,-1.662330280534351612e+00,0.000000000000000000e+00
0.000000000000000000e+00,-1.670510615845200997e+00,0.000000000000000000e+00
0.000000000000000000e+00,-1.678189797971296970e+00,0.000000000000000000e+00
0.000000000000000000e+00,-1.685365523158001366e+00,0.000000000000000000e+00
0.000000000000000000e+00,-1.692035638687758414e+00,0.000000000000000000e+00
0.000000000000000000e+00,-1.698198143525909254e+00,0.000000000000000000e+00
0.000000000000000000e+00,-1.703851188921002180e+00,0.000000000000000000e+00
0.000000000000000000e+00,-1.708993078959418765e+00,0.000000000000000000e+00
0.000000000000000000e+00,-1.713622271074147552e+00,0.000000000000000000e+00
0.000000000000000000e+00,-1.717737376507554092e+00,0.000000000000000000e+00
0.000000000000000000e+00,-1.721337160728008353e+00,0.000000000000000000e+00
0.000000000000000000e+00,-1.724420543800244232e+00,0.000000000000000000e+00
0.000000000000000000e+00,-1.726986600709340181e+00,0.000000000000000000e+00
0.000000000000000000e+00,-1.729034561638223222e+00,0.000000000000000000e+00
0.000000000000000000e+00,-1.730563812198614881e+00,0.000000000000000000e+00
0.000000000000000000e+00,-1.731573893615346860e+00,0.000000000000000000e+00
0.000000000000000000e+00,-1.732064502863994271e+00,0.000000000000000000e+00
0.000000000000000000e+00,-1.732035492761782480e+00,0.000000000000000000e+00
0.000000000000000000e+00,-1.731486872011742228e+00,0.000000000000000000e+00
0.000000000000000000e+00,-1.730418805200098387e+00,0.000000000000000000e+00
0.000000000000000000e+00,-1.728831612746894564e+00,0.000000000000000000e+00
0.000000000000000000e+00,-1.726725770809866667e+00,0.000000000000000000e+00
0.000000000000000000e+00,-1.724101911141595833e+00,0.000000000000000000e+00
0.000000000000000000e+00,-1.720960820899982480e+00,0.000000000000000000e+00
0.000000000000000000e+00,-1.717303442412099201e+00,0.000000000000000000e+00
0.000000000000000000e+00,-1.713130872891492240e+00,0.000000000000000000e+00
0.000000000000000000e+00,-1.708444364109017677e+00,0.000000000000000000e+00
0.000000000000000000e+00,-1.703245322017310492e+00,0.000000000000000000e+00
0.000000000000000000e+00,-1.697535306328998184e+00,0.000000000000000000e+00
0.000000000000000000e+00,-1.691316030048787056e+00,0.000000000000000000e+00
0.000000000000000000e+00,-1.684589358959561300e+00,0.000000000000000000e+00
0.000000000000000000e+00,-1.677357311062647849e+00,0.000000000000000000e+00
0.000000000000000000e+00,-1.669622055972415531e+00,0.000000000000000000e+00
0.000000000000000000e+00,-1.661385914265391506e+00,0.000000000000000000e+00
0.000000000000000000e+00,-1.652651356784087922e+00,0.000000000000000000e+00
0.000000000000000000e+00,-1.643421003895749077e+00,0.000000000000000000e+00
0.000000000000000000e+00,-1.633697624706241358e+00,0.000000000000000000e+00
0.000000000000000000e+00,-1.623484136229321750e+00,0.000000000000000000e+00
0.000000000000000000e+00,-1.612783602511533410e+00,0.000000000000000000e+00
0.000000000000000000e+00,-1.601599233712991621e+00,0.000000000000000000e+00
0.000000000000000000e+00,-1.589934385144335938e+00,0.000000000000000000e+00
0.000000000000000000e+00,-1.577792556260136925e+00,0.000000000000000000e+00
0.000000000000000000e+00,-1.565177389609059944e+00,0.000000000000000000e+00
0.000000000000000000e+00,-1.552092669741100162e+00,0.000000000000000000e+00
0.000000000000000000e+00,-1.538542322072218083e+00,0.000000000000000000e+00
0.000000000000000000e+00,-1.524530411706714439e+00,0.000000000000000000e+00
0.000000000000000000e+00,-1.510061142217698604e+00,0.000000000000000000e+00
0.000000000000000000e+00,-1.495138854386017568e+00,0.000000000000000000e+00
0.000000000000000000e+00,-1.479768024898020728e+00,0.000000000000000000e+00
0.000000000000000000e+00,-1.463953265002554405e+00,0.000000000000000000e+00
0.000000000000000000e+00,-1.447699319127587314e+00,0.000000000000000000e+00
0.000000000000000000e+00,-1.431011063456882004e+00,0.000000000000000000e+00
0.000000000000000000e+00,-1.413893504467139683e+00,0.000000000000000000e+00
0.000000000000000000e+00,-1.396351777426057206e+00,0.000000000000000000e+00
0.000000000000000000e+00,-1.378391144851746963e+00,0.000000000000000000e+00
0.000000000000000000e+00,-1.360016994933981094e+00,0.000000000000000000e+00
0.000000000000000000e+00,-1.341234839917734956e+00,0.000000000000000000e+00
0.000000000000000000e+00,-1.322050314449513708e+00,0.000000000000000000e+00
0.000000000000000000e+00,-1.302469173886957599e+00,0.000000000000000000e+00
0.000000000000000000e+00,-1.282497292572235326e+00,0.000000000000000000e+00
0.000000000000000000e+00,-1.262140662069741293e+00,0.000000000000000000e+00
0.000000000000000000e+00,-1.241405389368626322e+00,0.000000000000000000e+00
0.000000000000000000e+00,-1.220297695050700737e+00,0.000000000000000000e+00
0.000000000000000000e+00,-1.198823911424260036e+00,0.000000000000000000e+00
0.000000000000000000e+00,-1.176990480624392044e+00,0.000000000000000000e+00
0.000000000000000000e+00,-1.154803952680336865e+00,0.000000000000000000e+00
0.000000000000000000e+00,-1.132270983550477395e+00,0.000000000000000000e+00
0.000000000000000000e+00,-1.109398333125552805e+00,0.000000000000000000e+00
0.000000000000000000e+00,-1.086192863200690528e+00,0.000000000000000000e+00
0.000000000000000000e+00,-1.062661535416868031e+00,0.000000000000000000e+00
0.000000000000000000e+00,-1.038811409172420541e+00,0.000000000000000000e+00
0.000000000000000000e+00,-1.014649639505221357e+00,0.000000000000000000e+00
0.000000000000000000e+00,-9.901834749461706497e-01,0.000000000000000000e+00
0.000000000000000000e+00,-9.654202553446360469e-01,0.000000000000000000e+00
0.000000000000000000e+00,-9.403674096664980109e-01,0.000000000000000000e+00
0.000000000000000000e+00,-9.150324537654600521e-01,0.000000000000000000e+00
0.000000000000000000e+00,-8.894229881282924577e-01,0.000000000000000000e+00
0.000000000000000000e+00,-8.635466955946863310e-01,0.000000000000000000e+00
0.000000000000000000e+00,-8.374113390524018374e-01,0.000000000000000000e+00
0.000000000000000000e+00,-8.110247591084016605e-01,0.000000000000000000e+00
0.000000000000000000e+00,-7.843948717366688861e-01,0.000000000000000000e+00
0.000000000000000000e+00,-7.575296659034151947e-01,0.000000000000000000e+00
0.000000000000000000e+00,-7.304372011703904599e-01,0.000000000000000000e+00
0.000000000000000000e+00,-7.031256052770146203e-01,0.000000000000000000e+00
0.000000000000000000e+00,-6.756030717020556908e-01,0.000000000000000000e+00
0.000000000000000000e+00,-6.478778572055861051e-01,0.000000000000000000e+00
0.000000000000000000e+00,-6.199582793519547996e-01,0.000000000000000000e+00
0.000000000000000000e+00,-5.918527140145179999e-01,0.000000000000000000e+00
0.000000000000000000e+00,-5.635695928628767781e-01,0.000000000000000000e+00
0.000000000000000000e+00,-5.351174008333766663e-01,0.000000000000000000e+00
0.000000000000000000e+00,-5.065046735836266079e-01,0.000000000000000000e+00
0.000000000000000000e+00,-4.777399949318014705e-01,0.000000000000000000e+00
0.000000000000000000e+00,-4.488319942814967822e-01,0.000000000000000000e+00
0.000000000000000000e+00,-4.197893440329076298e-01,0.000000000000000000e+00
0.000000000000000000e+00,-3.906207569811085967e-01,0.000000000000000000e+00
0.000000000000000000e+00,-3.613349837022152289e-01,0.000000000000000000e+00
0.000000000000000000e+00,-3.319408099282112334e-01,0.000000000000000000e+00
0.000000000000000000e+00,-3.024470539112287248e-01,0.000000000000000000e+00
0.000000000000000000e+00,-2.728625637780728863e-01,0.000000000000000000e+00
0.000000000000000000e+00,-2.431962148757836062e-01,0.000000000000000000e+00
0.000000000000000000e+00,-2.134569071090315906e-01,0.000000000000000000e+00
0.000000000000000000e+00,-1.836535622701468695e-01,0.000000000000000000e+00
0.000000000000000000e+00,-1.537951213625811109e-01,0.000000000000000000e+00
0.000000000000000000e+00,-1.238905419186065726e-01,0.000000000000000000e+00
0.000000000000000000e+00,-9.394879531205645173e-02,0.000000000000000000e+00
0.000000000000000000e+00,-6.397886406691272176e-02,0.000000000000000000e+00
0.000000000000000000e+00,-3.398973916254890981e-02,0.000000000000000000e+00
0.000000000000000000e+00,-3.990417336436333229e-03,0.000000000000000000e+00
0.000000000000000000e+00,2.601010161487717423e-02,0.000000000000000000e+00
0.000000000000000000e+00,5.600281753570621190e-02,0.000000000000000000e+00
0.000000000000000000e+00,8.597873261127454703e-02,0.000000000000000000e+00
0.000000000000000000e+00,1.159288540670594947e-01,0.000000000000000000e+00
0.000000000000000000e+00,1.458441968666243371e-01,0.000000000000000000e+00
0.000000000000000000e+00,1.757157864071291764e-01,0.000000000000000000e+00
0.000000000000000000e+00,2.055346612117118776e-01,0.000000000000000000e+00
0.000000000000000000e+00,2.352918756179310789e-01,0.000000000000000000e+00
0.000000000000000000e+00,2.649785024614648710e-01,0.000000000000000000e+00
0.000000000000000000e+00,2.945856357542602222e-01,0.000000000000000000e+00
0.000000000000000000e+00,3.241043933563293455e-01,0.000000000000000000e+00
0.000000000000000000e+00,3.535259196403915394e-01,0.000000000000000000e+00
0.000000000000000000e+00,3.828413881485616121e-01,0.000000000000000000e+00
0.000000000000000000e+00,4.120420042402871408e-01,0.000000000000000000e+00
0.000000000000000000e+00,4.411190077307405866e-01,0.000000000000000000e+00
0.000000000000000000e+00,4.700636755188747906e-01,0.000000000000000000e+00
0.000000000000000000e+00,4.988673242043533129e-01,0.000000000000000000e+00
0.000000000000000000e+00,5.275213126925705209e-01,0.000000000000000000e+00
0.000000000000000000e+00,5.560170447869799970e-01,0.000000000000000000e+00
0.000000000000000000e+00,5.843459717679533316e-01,0.000000000000000000e+00
0.000000000000000000e+00,6.124995949573963649e-01,0.000000000000000000e+00
0.000000000000000000e+00,6.404694682683521600e-01,0.000000000000000000e+00
0.000000000000000000e+00,6.682472007388273738e-01,0.000000000000000000e+00
0.000000000000000000e+00,6.958244590490809678e-01,0.000000000000000000e+00
0.000000000000000000e+00,7.231929700216198631e-01,0.000000000000000000e+00
0.000000000000000000e+00,7.503445231031522500e-01,0.000000000000000000e+00
0.000000000000000000e+00,7.772709728277537033e-01,0.000000000000000000e+00
0.000000000000000000e+00,8.039642412605068067e-01,0.000000000000000000e+00
0.000000000000000000e+00,8.304163204208817595e-01,0.000000000000000000e+00
0.000000000000000000e+00,8.566192746851304385e-01,0.000000000000000000e+00
0.000000000000000000e+00,8.825652431669736009e-01,0.000000000000000000e+00
0.000000000000000000e+00,9.082464420758666890e-01,0.000000000000000000e+00
0.000000000000000000e+00,9.336551670521370250e-01,0.000000000000000000e+00
0.000000000000000000e+00,9.587837954782917338e-01,0.000000000000000000e+00
0.000000000000000000e+00,9.836247887658029487e-01,0.000000000000000000e+00
0.000000000000000000e+00,1.008170694616684404e+00,0.000000000000000000e+00
0.000000000000000000e+00,1.032414149259180958e+00,0.000000000000000000e+00
0.000000000000000000e+00,1.056347879656899691e+00,0.000000000000000000e+00
0.000000000000000000e+00,1.079964705690721338e+00,0.000000000000000000e+00
0.000000000000000000e+00,1.103257542312835682e+00,0.000000000000000000e+00
0.000000000000000000e+00,1.126219401672256204e+00,0.000000000000000000e+00
0.000000000000000000e+00,1.148843395211175178e+00,0.000000000000000000e+00
0.000000000000000000e+00,1.171122735731530806e+00,0.000000000000000000e+00
0.000000000000000000e+00,1.193050739431166907e+00,0.000000000000000000e+00
0.000000000000000000e+00,1.214620827908973633e+00,0.000000000000000000e+00
0.000000000000000000e+00,1.235826530138407708e+00,0.000000000000000000e+00
0.000000000000000000e+00,1.256661484408800211e+00,0.000000000000000000e+00
0.000000000000000000e+00,1.277119440233870140e+00,0.000000000000000000e+00
0.000000000000000000e+00,1.297194260226869789e+00,0.000000000000000000e+00
0.000000000000000000e+00,1.316879921941801479e+00,0.000000000000000000e+00
0.000000000000000000e+00,1.336170519680150548e+00,0.000000000000000000e+00
0.000000000000000000e+00,1.355060266262595681e+00,0.000000000000000000e+00
0.000000000000000000e+00,1.373543494765161910e+00,0.000000000000000000e+00
0.000000000000000000e+00,1.391614660219298694e+00,0.000000000000000000e+00
0.000000000000000000e+00,1.409268341275369707e+00,0.000000000000000000e+00
0.000000000000000000e+00,1.426499241829058073e+00,0.000000000000000000e+00
0.000000000000000000e+00,1.443302192610197654e+00,0.000000000000000000e+00
0.000000000000000000e+00,1.459672152733554107e+00,0.000000000000000000e+00
0.000000000000000000e+00,1.475604211211090533e+00,0.000000000000000000e+00
0.000000000000000000e+00,1.491093588425263627e+00,0.000000000000000000e+00
0.000000000000000000e+00,1.506135637562909135e+00,0.000000000000000000e+00
0.000000000000000000e+00,1.520725846009285842e+00,0.000000000000000000e+00
0.000000000000000000e+00,1.534859836701859770e+00,0.000000000000000000e+00
0.000000000000000000e+00,1.548533369443423124e+00,0.000000000000000000e+00
0.000000000000000000e+00,1.561742342174153420e+00,0.000000000000000000e+00
0.000000000000000000e+00,1.574482792202231529e+00,0.000000000000000000e+00
0.000000000000000000e+00,1.586750897392648962e+00,0.000000000000000000e+00
0.000000000000000000e+00,1.598542977313848645e+00,0.000000000000000000e+00
0.000000000000000000e+00,1.609855494341854154e+00,0.000000000000000000e+00
0.000000000000000000e+00,1.620685054721556995e+00,0.000000000000000000e+00
0.000000000000000000e+00,1.631028409584843519e+00,0.000000000000000000e+00
0.000000000000000000e+00,1.640882455925254613e+00,0.000000000000000000e+00
0.000000000000000000e+00,1.650244237528887936e+00,0.000000000000000000e+00
0.000000000000000000e+00,1.659110945861262731e+00,0.000000000000000000e+00
0.000000000000000000e+00,1.667479920909879176e+00,0.000000000000000000e+00
0.000000000000000000e+00,1.675348651982222492e+00,0.000000000000000000e+00
0.000000000000000000e+00,1.682714778458971328e+00,0.000000000000000000e+00
0.000000000000000000e+00,1.689576090502182382e+00,0.000000000000000000e+00
0.000000000000000000e+00,1.695930529718242763e+00,0.000000000000000000e+00
0.000000000000000000e+00,1.701776189775387582e+00,0.000000000000000000e+00
0.000000000000000000e+00,1.707111316975599813e+00,0.000000000000000000e+00
0.000000000000000000e+00,1.711934310780719448e+00,0.000000000000000000e+00
0.000000000000000000e+00,1.716243724292604966e+00,0.000000000000000000e+00
0.000000000000000000e+00,1.720038264687202556e+00,0.000000000000000000e+00
0.000000000000000000e+00,1.723316793602394092e+00,0.000000000000000000e+00
0.000000000000000000e+00,1.726078327479504848e+00,0.000000000000000000e+00
0.000000000000000000e+00,1.728322037858371685e+00,0.000000000000000000e+00
0.000000000000000000e+00,1.730047251625881133e+00,0.000000000000000000e+00
0.000000000000000000e+00,1.731253451217902750e+00,0.000000000000000000e+00
0.000000000000000000e+00,1.731940274774558919e+00,0.000000000000000000e+00
0.000000000000000000e+00,1.732107516248782897e+00,0.000000000000000000e+00
0.000000000000000000e+00,1.731755125468132039e+00,0.000000000000000000e+00
0.000000000000000000e+00,1.730883208149840868e+00,0.000000000000000000e+00
0.000000000000000000e+00,1.729492025869104666e+00,0.000000000000000000e+00
0.000000000000000000e+00,1.727581995980607799e+00,0.000000000000000000e+00
0.000000000000000000e+00,1.725153691493316765e+00,0.000000000000000000e+00
0.000000000000000000e+00,1.722207840898577702e+00,0.000000000000000000e+00
0.000000000000000000e+00,1.718745327951568980e+00,0.000000000000000000e+00
0.000000000000000000e+00,1.714767191406174840e+00,0.000000000000000000e+00
0.000000000000000000e+00,1.710274624703358892e+00,0.000000000000000000e+00
0.000000000000000000e+00,1.705268975613131843e+00,0.000000000000000000e+00
0.000000000000000000e+00,1.699751745830220928e+00,0.000000000000000000e+00
0.000000000000000000e+00,1.693724590523560947e+00,0.000000000000000000e+00
0.000000000000000000e+00,1.687189317839743907e+00,0.000000000000000000e+00
0.000000000000000000e+00,1.680147888360574937e+00,0.000000000000000000e+00
0.000000000000000000e+00,1.672602414514897884e+00,0.000000000000000000e+00
0.000000000000000000e+00,1.664555159944866247e+00,0.000000000000000000e+00
0.000000000000000000e+00,1.656008538826851284e+00,0.000000000000000000e+00
0.000000000000000000e+00,1.646965115147188241e+00,0.000000000000000000e+00
0.000000000000000000e+00,1.637427601932980981e+00,0.000000000000000000e+00
0.000000000000000000e+00,1.627398860438193928e+00,0.000000000000000000e+00
0.000000000000000000e+00,1.616881899285275370e+00,0.000000000000000000e+00
0.000000000000000000e+00,1.605879873562571225e+00,0.000000000000000000e+00
0.000000000000000000e+00,1.594396083877798187e+00,0.000000000000000000e+00
0.000000000000000000e+00,1.582433975367861789e+00,0.000000000000000000e+00
0.000000000000000000e+00,1.569997136665315152e+00,0.000000000000000000e+00
0.000000000000000000e+00,1.557089298821768830e+00,0.000000000000000000e+00
0.000000000000000000e+00,1.543714334188575954e+00,0.000000000000000000e+00
0.000000000000000000e+00,1.529876255255126605e+00,0.000000000000000000e+00
0.000000000000000000e+00,1.515579213445100715e+00,0.000000000000000000e+00
0.000000000000000000e+00,1.500827497871041194e+00,0.000000000000000000e+00
0.000000000000000000e+00,1.485625534047620544e+00,0.000000000000000000e+00
0.000000000000000000e+00,1.469977882563985538e+00,0.000000000000000000e+00
0.000000000000000000e+00,1.453889237715581206e+00,0.000000000000000000e+00
0.000000000000000000e+00,1.437364426095862235e+00,0.000000000000000000e+00
0.000000000000000000e+00,1.420408405148314568e+00,0.000000000000000000e+00
0.000000000000000000e+00,1.403026261679222397e+00,0.000000000000000000e+00
0.000000000000000000e+00,1.385223210331626431e+00,0.000000000000000000e+00
0.000000000000000000e+00,1.367004592020931053e+00,0.000000000000000000e+00
0.000000000000000000e+00,1.348375872332629344e+00,0.000000000000000000e+00
0.000000000000000000e+00,1.329342639882627797e+00,0.000000000000000000e+00
0.000000000000000000e+00,1.309910604640661447e+00,0.000000000000000000e+00
0.000000000000000000e+00,1.290085596217303010e+00,0.000000000000000000e+00
0.000000000000000000e+00,1.269873562115079402e+00,0.000000000000000000e+00
0.000000000000000000e+00,1.249280565944221211e+00,0.000000000000000000e+00
0.000000000000000000e+00,1.228312785603579815e+00,0.000000000000000000e+00
0.000000000000000000e+00,1.206976511427257259e+00,0.000000000000000000e+00
0.000000000000000000e+00,1.185278144297506664e+00,0.000000000000000000e+00
0.000000000000000000e+00,1.163224193724466726e+00,0.000000000000000000e+00
0.000000000000000000e+00,1.140821275893309394e+00,0.000000000000000000e+00
0.000000000000000000e+00,1.118076111679384033e+00,0.000000000000000000e+00
0.000000000000000000e+00,1.094995524631954931e+00,0.000000000000000000e+00
0.000000000000000000e+00,1.071586438927136342e+00,0.000000000000000000e+00
0.000000000000000000e+00,1.047855877290639448e+00,0.000000000000000000e+00
0.000000000000000000e+00,1.023810958890955414e+00,0.000000000000000000e+00
0.000000000000000000e+00,9.994588972036041463e-01,0.000000000000000000e+00
0.000000000000000000e+00,9.748069978470917940e-01,0.000000000000000000e+00
0.000000000000000000e+00,9.498626563912252463e-01,0.000000000000000000e+00
0.000000000000000000e+00,9.246333561384413313e-01,0.000000000000000000e+00
0.000000000000000000e+00,8.991266658788159560e-01,0.000000000000000000e+00
0.000000000000000000e+00,8.733502376194268724e-01,0.000000000000000000e+00
0.000000000000000000e+00,8.473118042887519685e-01,0.000000000000000000e+00
0.000000000000000000e+00,8.210191774167904244e-01,0.000000000000000000e+00
0.000000000000000000e+00,7.944802447916038401e-01,0.000000000000000000e+00
0.000000000000000000e+00,7.677029680929797761e-01,0.000000000000000000e+00
0.000000000000000000e+00,7.406953805039278027e-01,0.000000000000000000e+00
0.000000000000000000e+00,7.134655843007247089e-01,0.000000000000000000e+00
0.000000000000000000e+00,6.860217484222314033e-01,0.000000000000000000e+00
0.000000000000000000e+00,6.583721060192113672e-01,0.000000000000000000e+00
0.000000000000000000e+00,6.305249519843856287e-01,0.000000000000000000e+00
0.000000000000000000e+00,6.024886404639645532e-01,0.000000000000000000e+00
0.000000000000000000e+00,5.742715823514042972e-01,0.000000000000000000e+00
0.000000000000000000e+00,5.458822427641386588e-01,0.000000000000000000e+00
0.000000000000000000e+00,5.173291385040437174e-01,0.000000000000000000e+00
0.000000000000000000e+00,4.886208355023975991e-01,0.000000000000000000e+00
0.000000000000000000e+00,4.597659462501007543e-01,0.000000000000000000e+00
0.000000000000000000e+00,4.307731272139288525e-01,0.000000000000000000e+00
0.000000000000000000e+00,4.016510762395927858e-01,0.000000000000000000e+00
0.000000000000000000e+00,3.724085299423848250e-01,0.000000000000000000e+00
0.000000000000000000e+00,3.430542610861941899e-01,0.000000000000000000e+00
0.000000000000000000e+00,3.135970759516776840e-01,0.000000000000000000e+00
0.000000000000000000e+00,2.840458116943756495e-01,0.000000000000000000e+00
0.000000000000000000e+00,2.544093336935653316e-01,0.000000000000000000e+00
0.000000000000000000e+00,2.246965328926469330e-01,0.000000000000000000e+00
0.000000000000000000e+00,1.949163231318607470e-01,0.000000000000000000e+00
0.000000000000000000e+00,1.650776384741350078e-01,0.000000000000000000e+00
0.000000000000000000e+00,1.351894305248670103e-01,0.000000000000000000e+00
0.000000000000000000e+00,1.052606657464415646e-01,0.000000000000000000e+00
0.000000000000000000e+00,7.530032276829218274e-02,0.000000000000000000e+00
0.000000000000000000e+00,4.531738969331231687e-02,0.000000000000000000e+00
0.000000000000000000e+00,1.532086140142445777e-02,0.000000000000000000e+00
0.000000000000000000e+00,-1.468026314888382783e-02,0.000000000000000000e+00
0.000000000000000000e+00,-4.467698362024745407e-02,0.000000000000000000e+00
0.000000000000000000e+00,-7.466030099652500029e-02,0.000000000000000000e+00
0.000000000000000000e+00,-1.046212202825035908e-01,0.000000000000000000e+00
0.000000000000000000e+00,-1.345507532023974273e-01,0.000000000000000000e+00
0.000000000000000000e+00,-1.644399208963305548e-01,0.000000000000000000e+00
0.000000000000000000e+00,-1.942797566139947696e-01,0.000000000000000000e+00
0.000000000000000000e+00,-2.240613084046747805e-01,0.000000000000000000e+00
0.000000000000000000e+00,-2.537756418028334071e-01,0.000000000000000000e+00
0.000000000000000000e+00,-2.834138425084511970e-01,0.000000000000000000e+00
0.000000000000000000e+00,-3.129670190613164094e-01,0.000000000000000000e+00
0.000000000000000000e+00,-3.424263055084632579e-01,0.000000000000000000e+00
0.000000000000000000e+00,-3.717828640639575521e-01,0.000000000000000000e+00
0.000000000000000000e+00,-4.010278877602326819e-01,0.000000000000000000e+00
0.000000000000000000e+00,-4.301526030901797193e-01,0.000000000000000000e+00
0.000000000000000000e+00,-4.591482726391997171e-01,0.000000000000000000e+00
0.000000000000000000e+00,-4.880061977064279466e-01,0.000000000000000000e+00
0.000000000000000000e+00,-5.167177209143442029e-01,0.000000000000000000e+00
0.000000000000000000e+00,-5.452742288059861941e-01,0.000000000000000000e+00
0.000000000000000000e+00,-5.736671544289864144e-01,0.000000000000000000e+00
0.000000000000000000e+00,-6.018879799056578994e-01,0.000000000000000000e+00
0.000000000000000000e+00,-6.299282389883577027e-01,0.000000000000000000e+00
0.000000000000000000e+00,-6.577795195993609845e-01,0.000000000000000000e+00
0.000000000000000000e+00,-6.854334663544844330e-01,0.000000000000000000e+00
0.000000000000000000e+00,-7.128817830697016245e-01,0.000000000000000000e+00
0.000000000000000000e+00,-7.401162352499978114e-01,0.000000000000000000e+00
0.000000000000000000e+00,-7.671286525597190709e-01,0.000000000000000000e+00
0.000000000000000000e+00,-7.939109312736724045e-01,0.000000000000000000e+00
0.000000000000000000e+00,-8.204550367082436013e-01,0.000000000000000000e+00
0.000000000000000000e+00,-8.467530056318023357e-01,0.000000000000000000e+00
0.000000000000000000e+00,-8.727969486536715227e-01,0.000000000000000000e+00
0.000000000000000000e+00,-8.985790525909446158e-01,0.000000000000000000e+00
0.000000000000000000e+00,-9.240915828124404152e-01,0.000000000000000000e+00
0.000000000000000000e+00,-9.493268855590925037e-01,0.000000000000000000e+00
0.000000000000000000e+00,-9.742773902400768682e-01,0.000000000000000000e+00
0.000000000000000000e+00,-9.989356117039892569e-01,0.000000000000000000e+00
0.000000000000000000e+00,-1.023294152484390374e+00,0.000000000000000000e+00
0.000000000000000000e+00,-1.047345705019046225e+00,0.000000000000000000e+00
0.000000000000000000e+00,-1.071083053842196264e+00,0.000000000000000000e+00
0.000000000000000000e+00,-1.094499077749193638e+00,0.000000000000000000e+00
0.000000000000000000e+00,-1.117586751932866385e+00,0.000000000000000000e+00
0.000000000000000000e+00,-1.140339150090959208e+00,0.000000000000000000e+00
0.000000000000000000e+00,-1.162749446504024675e+00,0.000000000000000000e+00
0.000000000000000000e+00,-1.184810918083138986e+00,0.000000000000000000e+00
0.000000000000000000e+00,-1.206516946386828382e+00,0.000000000000000000e+00
0.000000000000000000e+00,-1.227861019606601767e+00,0.000000000000000000e+00
0.000000000000000000e+00,-1.248836734520493152e+00,0.000000000000000000e+00
0.000000000000000000e+00,-1.269437798414028373e+00,0.000000000000000000e+00
0.000000000000000000e+00,-1.289658030968039437e+00,0.000000000000000000e+00
0.000000000000000000e+00,-1.309491366112760069e+00,0.000000000000000000e+00
0.000000000000000000e+00,-1.328931853847646893e+00,0.000000000000000000e+00
0.000000000000000000e+00,-1.347973662026379360e+00,0.000000000000000000e+00
0.000000000000000000e+00,-1.366611078106503951e+00,0.000000000000000000e+00
0.000000000000000000e+00,-1.384838510863196648e+00,0.000000000000000000e+00
0.000000000000000000e+00,-1.402650492066630283e+00,0.000000000000000000e+00
0.000000000000000000e+00,-1.420041678122443862e+00,0.000000000000000000e+00
0.000000000000000000e+00,-1.437006851674820895e+00,0.000000000000000000e+00
0.000000000000000000e+00,-1.453540923171695365e+00,0.000000000000000000e+00
0.000000000000000000e+00,-1.469638932391618358e+00,0.000000000000000000e+00
0.000000000000000000e+00,-1.485296049931823958e+00,0.000000000000000000e+00
0.000000000000000000e+00,-1.500507578657049867e+00,0.000000000000000000e+00
0.000000000000000000e+00,-1.515268955108678650e+00,0.000000000000000000e+00
0.000000000000000000e+00,-1.529575750873774842e+00,0.000000000000000000e+00
0.000000000000000000e+00,-1.543423673913608907e+00,0.000000000000000000e+00
0.000000000000000000e+00,-1.556808569851269031e+00,0.000000000000000000e+00
0.000000000000000000e+00,-1.569726423217973732e+00,0.000000000000000000e+00
0.000000000000000000e+00,-1.582173358657712914e+00,0.000000000000000000e+00
0.000000000000000000e+00,-1.594145642089854764e+00,0.000000000000000000e+00
0.000000000000000000e+00,-1.605639681829369669e+00,0.000000000000000000e+00
0.000000000000000000e+00,-1.616652029664335855e+00,0.000000000000000000e+00
0.000000000000000000e+00,-1.627179381890402787e+00,0.000000000000000000e+00
0.000000000000000000e+00,-1.637218580301902593e+00,0.000000000000000000e+00
0.000000000000000000e+00,-1.646766613139311719e+00,0.000000000000000000e+00
0.000000000000000000e+00,-1.655820615992779077e+00,0.000000000000000000e+00
0.000000000000000000e+00,-1.664377872661448654e+00,0.000000000000000000e+00
0.000000000000000000e+00,-1.672435815968319694e+00,0.000000000000000000e+00
0.000000000000000000e+00,-1.679992028530400416e+00,0.000000000000000000e+00
0.000000000000000000e+00,-1.687044243483921901e+00,0.000000000000000000e+00
0.000000000000000000e+00,-1.693590345164398325e+00,0.000000000000000000e+00
0.000000000000000000e+00,-1.699628369741325251e+00,0.000000000000000000e+00
0.000000000000000000e+00,-1.705156505807329914e+00,0.000000000000000000e+00
0.000000000000000000e+00,-1.710173094921592307e+00,0.000000000000000000e+00
0.000000000000000000e+00,-1.714676632107378307e+00,0.000000000000000000e+00
0.000000000000000000e+00,-1.718665766303532072e+00,0.000000000000000000e+00
0.000000000000000000e+00,-1.722139300769794712e+00,0.000000000000000000e+00
0.000000000000000000e+00,-1.725096193445826431e+00,0.000000000000000000e+00
0.000000000000000000e+00,-1.727535557263824462e+00,0.000000000000000000e+00
0.000000000000000000e+00,-1.729456660414643299e+00,0.000000000000000000e+00
0.000000000000000000e+00,-1.730858926567337752e+00,0.000000000000000000e+00
0.000000000000000000e+00,-1.731741935042061975e+00,0.000000000000000000e+00
0.000000000000000000e+00,-1.732105420936273621e+00,0.000000000000000000e+00
0.000000000000000000e+00,-1.731949275204204275e+00,0.000000000000000000e+00
0.000000000000000000e+00,-1.731273544689573729e+00,0.000000000000000000e+00
0.000000000000000000e+00,-1.730078432111536335e+00,0.000000000000000000e+00
0.000000000000000000e+00,-1.728364296003865430e+00,0.000000000000000000e+00
0.000000000000000000e+00,-1.726131650607393375e+00,0.000000000000000000e+00
0.000000000000000000e+00,-1.723381165715739183e+00,0.000000000000000000e+00
0.000000000000000000e+00,-1.720113666474370140e+00,0.000000000000000000e+00
0.000000000000000000e+00,-1.716330133133058933e+00,0.000000000000000000e+00
0.000000000000000000e+00,-1.712031700751807772e+00,0.000000000000000000e+00
0.000000000000000000e+00,-1.707219658860331002e+00,0.000000000000000000e+00
0.000000000000000000e+00,-1.701895451071196108e+00,0.000000000000000000e+00
0.000000000000000000e+00,-1.696060674646739930e+00,0.000000000000000000e+00
0.000000000000000000e+00,-1.689717080019889739e+00,0.000000000000000000e+00
0.000000000000000000e+00,-1.682866570269033524e+00,0.000000000000000000e+00
0.000000000000000000e+00,-1.675511200547096680e+00,0.000000000000000000e+00
0.000000000000000000e+00,-1.667653177464995640e+00,0.000000000000000000e+00
0.000000000000000000e+00,-1.659294858429655184e+00,0.000000000000000000e+00
0.000000000000000000e+00,-1.650438750936785715e+00,0.000000000000000000e+00
0.000000000000000000e+00,-1.641087511818635214e+00,0.000000000000000000e+00
0.000000000000000000e+00,-1.631243946446939264e+00,0.000000000000000000e+00
0.000000000000000000e+00,-1.620911007891309152e+00,0.000000000000000000e+00
0.000000000000000000e+00,-1.610091796033311651e+00,0.000000000000000000e+00
0.000000000000000000e+00,-1.598789556636504239e+00,0.000000000000000000e+00
0.000000000000000000e+00,-1.587007680372705787e+00,0.000000000000000000e+00
0.000000000000000000e+00,-1.574749701804795565e+00,0.000000000000000000e+00
0.000000000000000000e+00,-1.562019298326343897e+00,0.000000000000000000e+00
0.000000000000000000e+00,-1.548820289058394195e+00,0.000000000000000000e+00
0.000000000000000000e+00,-1.535156633703727014e+00,0.000000000000000000e+00
0.000000000000000000e+00,-1.521032431358948722e+00,0.000000000000000000e+00
0.000000000000000000e+00,-1.506451919284762742e+00,0.000000000000000000e+00
0.000000000000000000e+00,-1.491419471634791272e+00,0.000000000000000000e+00
0.000000000000000000e+00,-1.475939598143329423e+00,0.000000000000000000e+00
0.000000000000000000e+00,-1.460016942772424553e+00,0.000000000000000000e+00
0.000000000000000000e+00,-1.443656282318688033e+00,0.000000000000000000e+00
0.000000000000000000e+00,-1.426862524980255786e+00,0.000000000000000000e+00
0.000000000000000000e+00,-1.409640708884329463e+00,0.000000000000000000e+00
0.000000000000000000e+00,-1.391996000575737913e+00,0.000000000000000000e+00
0.000000000000000000e+00,-1.373933693466973693e+00,0.000000000000000000e+00
0.000000000000000000e+00,-1.355459206250169357e+00,0.000000000000000000e+00
0.000000000000000000e+00,-1.336578081271490026e+00,0.000000000000000000e+00
0.000000000000000000e+00,-1.317295982868429194e+00,0.000000000000000000e+00
0.000000000000000000e+00,-1.297618695670507805e+00,0.000000000000000000e+00
0.000000000000000000e+00,-1.277552122863885309e+00,0.000000000000000000e+00
0.000000000000000000e+00,-1.257102284420403615e+00,0.000000000000000000e+00
0.000000000000000000e+00,-1.236275315291595733e+00,0.000000000000000000e+00
0.000000000000000000e+00,-1.215077463568200455e+00,0.000000000000000000e+00
0.000000000000000000e+00,-1.193515088605734631e+00,0.000000000000000000e+00
0.000000000000000000e+00,-1.171594659116687254e+00,0.000000000000000000e+00
0.000000000000000000e+00,-1.149322751229904682e+00,0.000000000000000000e+00
0.000000000000000000e+00,-1.126706046517753190e+00,0.000000000000000000e+00
0.000000000000000000e+00,-1.103751329991646379e+00,0.000000000000000000e+00
0.000000000000000000e+00,-1.080465488066542079e+00,0.000000000000000000e+00
0.000000000000000000e+00,-1.056855506495017805e+00,0.000000000000000000e+00
0.000000000000000000e+00,-1.032928468271545164e+00,0.000000000000000000e+00
0.000000000000000000e+00,-1.008691551507590933e+00,0.000000000000000000e+00
0.000000000000000000e+00,-9.841520272781845158e-01,0.000000000000000000e+00
0.000000000000000000e+00,-9.593172574405945952e-01,0.000000000000000000e+00
0.000000000000000000e+00,-9.341946924257724660e-01,0.000000000000000000e+00
0.000000000000000000e+00,-9.087918690032226188e-01,0.000000000000000000e+00
0.000000000000000000e+00,-8.831164080199718214e-01,0.000000000000000000e+00
0.000000000000000000e+00,-8.571760121143150446e-01,0.000000000000000000e+00
0.000000000000000000e+00,-8.309784634050240149e-01,0.000000000000000000e+00
0.000000000000000000e+00,-8.045316211567113962e-01,0.000000000000000000e+00
0.000000000000000000e+00,-7.778434194220518183e-01,0.000000000000000000e+00
0.000000000000000000e+00,-7.509218646615656301e-01,0.000000000000000000e+00
0.000000000000000000e+00,-7.237750333416809179e-01,0.000000000000000000e+00
0.000000000000000000e+00,-6.964110695117937677e-01,0.000000000000000000e+00
0.000000000000000000e+00,-6.688381823610530796e-01,0.000000000000000000e+00
0.000000000000000000e+00,-6.410646437556040134e-01,0.000000000000000000e+00
0.000000000000000000e+00,-6.130987857570282529e-01,0.000000000000000000e+00
0.000000000000000000e+00,-5.849489981227253832e-01,0.000000000000000000e+00
0.000000000000000000e+00,-5.566237257889857792e-01,0.000000000000000000e+00
0.000000000000000000e+00,-5.281314663375094032e-01,0.000000000000000000e+00
0.000000000000000000e+00,-4.994807674461317903e-01,0.000000000000000000e+00
0.000000000000000000e+00,-4.706802243245203354e-01,0.000000000000000000e+00
0.000000000000000000e+00,-4.417384771356115403e-01,0.000000000000000000e+00
0.000000000000000000e+00,-4.126642084035620495e-01,0.000000000000000000e+00
0.000000000000000000e+00,-3.834661404089915182e-01,0.000000000000000000e+00
0.000000000000000000e+00,-3.541530325722982986e-01,0.000000000000000000e+00
0.000000000000000000e+00,-3.247336788258333717e-01,0.000000000000000000e+00
0.000000000000000000e+00,-2.952169049757206731e-01,0.000000000000000000e+00
0.000000000000000000e+00,-2.656115660541152890e-01,0.000000000000000000e+00
0.000000000000000000e+00,-2.359265436626936663e-01,0.000000000000000000e+00
0.000000000000000000e+00,-2.061707433081732266e-01,0.000000000000000000e+00
0.000000000000000000e+00,-1.763530917306603274e-01,0.000000000000000000e+00
0.000000000000000000e+00,-1.464825342256282359e-01,0.000000000000000000e+00
0.000000000000000000e+00,-1.165680319603284582e-01,0.000000000000000000e+00
0.000000000000000000e+00,-8.661855928544057170e-02,0.000000000000000000e+00
0.000000000000000000e+00,-5.664310104276705504e-02,0.000000000000000000e+00
0.000000000000000000e+00,-2.665064986978071468e-02,0.000000000000000000e+00
0.000000000000000000e+00,3.349796498166562192e-03,0.000000000000000000e+00
0.000000000000000000e+00,3.334923792716439073e-02,0.000000000000000000e+00
0.000000000000000000e+00,6.333867458478406598e-02,0.000000000000000000e+00
0.000000000000000000e+00,9.330910964002830932e-02,0.000000000000000000e+00
0.000000000000000000e+00,1.232515519623805511e-01,0.000000000000000000e+00
0.000000000000000000e+00,1.531570188191440640e-01,0.000000000000000000e+00
0.000000000000000000e+00,1.830165385702618441e-01,0.000000000000000000e+00
0.000000000000000000e+00,2.128211533598085570e-01,0.000000000000000000e+00
0.000000000000000000e+00,2.425619218033473190e-01,0.000000000000000000e+00
0.000000000000000000e+00,2.722299216703450986e-01,0.000000000000000000e+00
0.000000000000000000e+00,3.018162525608417690e-01,0.000000000000000000e+00
0.000000000000000000e+00,3.313120385755701780e-01,0.000000000000000000e+00
0.000000000000000000e+00,3.607084309787259024e-01,0.000000000000000000e+00
0.000000000000000000e+00,3.899966108525880215e-01,0.000000000000000000e+00
0.000000000000000000e+00,4.191677917431943512e-01,0.000000000000000000e+00
0.000000000000000000e+00,4.482132222962777468e-01,0.000000000000000000e+00
0.000000000000000000e+00,4.771241888826722177e-01,0.000000000000000000e+00
0.000000000000000000e+00,5.058920182124019282e-01,0.000000000000000000e+00
0.000000000000000000e+00,5.345080799366679347e-01,0.000000000000000000e+00
0.000000000000000000e+00,5.629637892369528940e-01,0.000000000000000000e+00
0.000000000000000000e+00,5.912506094004668089e-01,0.000000000000000000e+00
0.000000000000000000e+00,6.193600543811605963e-01,0.000000000000000000e+00
0.000000000000000000e+00,6.472836913455399799e-01,0.000000000000000000e+00
0.000000000000000000e+00,6.750131432025157086e-01,0.000000000000000000e+00
0.000000000000000000e+00,7.025400911165307072e-01,0.000000000000000000e+00
0.000000000000000000e+00,7.298562770032107627e-01,0.000000000000000000e+00
0.000000000000000000e+00,7.569535060067897891e-01,0.000000000000000000e+00
0.000000000000000000e+00,7.838236489585668210e-01,0.000000000000000000e+00
0.000000000000000000e+00,8.104586448156563261e-01,0.000000000000000000e+00
0.000000000000000000e+00,8.368505030793010890e-01,0.000000000000000000e+00
0.000000000000000000e+00,8.629913061920220230e-01,0.000000000000000000e+00
0.000000000000000000e+00,8.888732119128853748e-01,0.000000000000000000e+00
0.000000000000000000e+00,9.144884556701748934e-01,0.000000000000000000e+00
0.000000000000000000e+00,9.398293528907633032e-01,0.000000000000000000e+00
0.000000000000000000e+00,9.648883013054845303e-01,0.000000000000000000e+00
0.000000000000000000e+00,9.896577832298141253e-01,0.000000000000000000e+00
0.000000000000000000e+00,1.014130367819174650e+00,0.000000000000000000e+00
0.000000000000000000e+00,1.038298713298189568e+00,0.000000000000000000e+00
0.000000000000000000e+00,1.062155569163214963e+00,0.000000000000000000e+00
0.000000000000000000e+00,1.085693778357491368e+00,0.000000000000000000e+00
0.000000000000000000e+00,1.108906279418260477e+00,0.000000000000000000e+00
0.000000000000000000e+00,1.131786108595204121e+00,0.000000000000000000e+00
0.000000000000000000e+00,1.154326401939569369e+00,0.000000000000000000e+00
0.000000000000000000e+00,1.176520397363352677e+00,0.000000000000000000e+00
0.000000000000000000e+00,1.198361436667926938e+00,0.000000000000000000e+00
0.000000000000000000e+00,1.219842967541500789e+00,0.000000000000000000e+00
0.000000000000000000e+00,1.240958545524812218e+00,0.000000000000000000e+00
0.000000000000000000e+00,1.261701835944466277e+00,0.000000000000000000e+00
0.000000000000000000e+00,1.282066615813336918e+00,0.000000000000000000e+00
0.000000000000000000e+00,1.302046775697463632e+00,0.000000000000000000e+00
0.000000000000000000e+00,1.321636321548881110e+00,0.000000000000000000e+00
0.000000000000000000e+00,1.340829376503833936e+00,0.000000000000000000e+00
0.000000000000000000e+00,1.359620182645835618e+00,0.000000000000000000e+00
0.000000000000000000e+00,1.378003102733043495e+00,0.000000000000000000e+00
0.000000000000000000e+00,1.395972621889431498e+00,0.000000000000000000e+00
0.000000000000000000e+00,1.413523349259252715e+00,0.000000000000000000e+00
0.000000000000000000e+00,1.430650019624296165e+00,0.000000000000000000e+00
0.000000000000000000e+00,1.447347494983452165e+00,0.000000000000000000e+00
0.000000000000000000e+00,1.463610766094113114e+00,0.000000000000000000e+00
0.000000000000000000e+00,1.479434953974945843e+00,0.000000000000000000e+00
0.000000000000000000e+00,1.494815311369586119e+00,0.000000000000000000e+00
0.000000000000000000e+00,1.509747224170815638e+00,0.000000000000000000e+00
0.000000000000000000e+00,1.524226212804793867e+00,0.000000000000000000e+00
0.000000000000000000e+00,1.538247933574930615e+00,0.000000000000000000e+00
0.000000000000000000e+00,1.551808179964994983e+00,0.000000000000000000e+00
0.000000000000000000e+00,1.564902883901069686e+00,0.000000000000000000e+00
0.000000000000000000e+00,1.577528116971974148e+00,0.000000000000000000e+00
0.000000000000000000e+00,1.589680091607787116e+00,0.000000000000000000e+00
0.000000000000000000e+00,1.601355162216117733e+00,0.000000000000000000e+00
0.000000000000000000e+00,1.612549826275783360e+00,0.000000000000000000e+00
0.000000000000000000e+00,1.623260725387566383e+00,0.000000000000000000e+00
0.000000000000000000e+00,1.633484646281733177e+00,0.000000000000000000e+00
0.000000000000000000e+00,1.643218521782015440e+00,0.000000000000000000e+00
0.000000000000000000e+00,1.652459431725763039e+00,0.000000000000000000e+00
0.000000000000000000e+00,1.661204603839992799e+00,0.000000000000000000e+00
0.000000000000000000e+00,1.669451414573070558e+00,0.000000000000000000e+00
0.000000000000000000e+00,1.677197389881776468e+00,0.000000000000000000e+00
0.000000000000000000e+00,1.684440205973517957e+00,0.000000000000000000e+00
0.000000000000000000e+00,1.691177690003467182e+00,0.000000000000000000e+00
0.000000000000000000e+00,1.697407820726415384e+00,0.000000000000000000e+00
0.000000000000000000e+00,1.703128729103145833e+00,0.000000000000000000e+00
0.000000000000000000e+00,1.708338698861145311e+00,0.000000000000000000e+00
0.000000000000000000e+00,1.713036167009486466e+00,0.000000000000000000e+00
0.000000000000000000e+00,1.717219724307724737e+00,0.000000000000000000e+00
0.000000000000000000e+00,1.720888115688670617e+00,0.000000000000000000e+00
0.000000000000000000e+00,1.724040240634910015e+00,0.000000000000000000e+00
0.000000000000000000e+00,1.726675153508958838e+00,0.000000000000000000e+00
0.000000000000000000e+00,1.728792063836954940e+00,0.000000000000000000e+00
0.000000000000000000e+00,1.730390336545799990e+00,0.000000000000000000e+00
0.000000000000000000e+00,1.731469492153681289e+00,0.000000000000000000e+00
0.000000000000000000e+00,1.732029206913916486e+00,0.000000000000000000e+00
0.000000000000000000e+00,1.732069312912077441e+00,0.000000000000000000e+00
0.000000000000000000e+00,1.731589798116364820e+00,0.000000000000000000e+00
0.000000000000000000e+00,1.730590806381217428e+00,0.000000000000000000e+00
0.000000000000000000e+00,1.729072637404155621e+00,0.000000000000000000e+00
0.000000000000000000e+00,1.727035746635872560e+00,0.000000000000000000e+00
0.000000000000000000e+00,1.724480745143598615e+00,0.000000000000000000e+00
0.000000000000000000e+00,1.721408399427781566e+00,0.000000000000000000e+00
0.000000000000000000e+00,1.717819631192136320e+00,0.000000000000000000e+00
0.000000000000000000e+00,1.713715517067133431e+00,0.000000000000000000e+00
0.000000000000000000e+00,1.709097288287010352e+00,0.000000000000000000e+00
0.000000000000000000e+00,1.703966330320401124e+00,0.000000000000000000e+00
0.000000000000000000e+00,1.698324182454695741e+00,0.000000000000000000e+00
0.000000000000000000e+00,1.692172537334253990e+00,0.000000000000000000e+00
0.000000000000000000e+00,1.685513240452612083e+00,0.000000000000000000e+00
0.000000000000000000e+00,1.678348289598834420e+00,0.000000000000000000e+00
0.000000000000000000e+00,1.670679834258177010e+00,0.000000000000000000e+00
0.000000000000000000e+00,1.662510174967242182e+00,0.000000000000000000e+00
0.000000000000000000e+00,1.653841762623817102e+00,0.000000000000000000e+00
0.000000000000000000e+00,1.644677197751605036e+00,0.000000000000000000e+00
0.000000000000000000e+00,1.635019229720067413e+00,0.000000000000000000e+00
0.000000000000000000e+00,1.624870755919613829e+00,0.000000000000000000e+00
0.000000000000000000e+00,1.614234820892384237e+00,0.000000000000000000e+00
0.000000000000000000e+00,1.603114615418886890e+00,0.000000000000000000e+00
0.000000000000000000e+00,1.591513475560764057e+00,0.000000000000000000e+00
0.000000000000000000e+00,1.579434881659972811e+00,0.000000000000000000e+00
0.000000000000000000e+00,1.566882457294683562e+00,0.000000000000000000e+00
0.000000000000000000e+00,1.553859968192206065e+00,0.000000000000000000e+00
0.000000000000000000e+00,1.540371321099270885e+00,0.000000000000000000e+00
0.000000000000000000e+00,1.526420562610005804e+00,0.000000000000000000e+00
0.000000000000000000e+00,1.512011877951957795e+00,0.000000000000000000e+00
0.000000000000000000e+00,1.497149589730524255e+00,0.000000000000000000e+00
0.000000000000000000e+00,1.481838156632171444e+00,0.000000000000000000e+00
0.000000000000000000e+00,1.466082172086829116e+00,0.000000000000000000e+00
0.000000000000000000e+00,1.449886362889860614e+00,0.000000000000000000e+00
0.000000000000000000e+00,1.433255587784025176e+00,0.000000000000000000e+00
0.000000000000000000e+00,1.416194836001854584e+00,0.000000000000000000e+00
0.000000000000000000e+00,1.398709225768883346e+00,0.000000000000000000e+00
0.000000000000000000e+00,1.380804002768181604e+00,0.000000000000000000e+00
0.000000000000000000e+00,1.362484538566649306e+00,0.000000000000000000e+00
0.000000000000000000e+00,1.343756329003547023e+00,0.000000000000000000e+00
0.000000000000000000e+00,1.324624992541743707e+00,0.000000000000000000e+00
0.000000000000000000e+00,1.305096268582177865e+00,0.000000000000000000e+00
0.000000000000000000e+00,1.285176015742037325e+00,0.000000000000000000e+00
0.000000000000000000e+00,1.264870210097174263e+00,0.000000000000000000e+00
0.000000000000000000e+00,1.244184943389281983e+00,0.000000000000000000e+00
0.000000000000000000e+00,1.223126421198373004e+00,0.000000000000000000e+00
0.000000000000000000e+00,1.201700961081104468e+00,0.000000000000000000e+00
0.000000000000000000e+00,1.179914990675511532e+00,0.000000000000000000e+00
0.000000000000000000e+00,1.157775045772716060e+00,0.000000000000000000e+00
0.000000000000000000e+00,1.135287768356188609e+00,0.000000000000000000e+00
0.000000000000000000e+00,1.112459904609154338e+00,0.000000000000000000e+00
0.000000000000000000e+00,1.089298302890737258e+00,0.000000000000000000e+00
0.000000000000000000e+00,1.065809911681453004e+00,0.000000000000000000e+00
0.000000000000000000e+00,1.042001777498664294e+00,0.000000000000000000e+00
0.000000000000000000e+00,1.017881042782626144e+00,0.000000000000000000e+00
0.000000000000000000e+00,9.934549437537530947e-01,0.000000000000000000e+00
0.000000000000000000e+00,9.687308082417539490e-01,0.000000000000000000e+00
0.000000000000000000e+00,9.437160534872822693e-01,0.000000000000000000e+00
0.000000000000000000e+00,9.184181839167644412e-01,0.000000000000000000e+00
0.000000000000000000e+00,8.928447888910715502e-01,0.000000000000000000e+00
0.000000000000000000e+00,8.670035404287113057e-01,0.000000000000000000e+00
0.000000000000000000e+00,8.409021909042224685e-01,0.000000000000000000e+00
0.000000000000000000e+00,8.145485707224623395e-01,0.000000000000000000e+00
0.000000000000000000e+00,7.879505859694855285e-01,0.000000000000000000e+00
0.000000000000000000e+00,7.611162160407178856e-01,0.000000000000000000e+00
0.000000000000000000e+00,7.340535112471380241e-01,0.000000000000000000e+00
0.000000000000000000e+00,7.067705904001839734e-01,0.000000000000000000e+00
0.000000000000000000e+00,6.792756383761098249e-01,0.000000000000000000e+00
0.000000000000000000e+00,6.515769036605228992e-01,0.000000000000000000e+00
0.000000000000000000e+00,6.236826958738378446e-01,0.000000000000000000e+00
0.000000000000000000e+00,5.956013832783906281e-01,0.000000000000000000e+00
0.000000000000000000e+00,5.673413902679598220e-01,0.000000000000000000e+00
0.000000000000000000e+00,5.389111948404486929e-01,0.000000000000000000e+00
0.000000000000000000e+00,5.103193260544853782e-01,0.000000000000000000e+00
0.000000000000000000e+00,4.815743614707057585e-01,0.000000000000000000e+00
0.000000000000000000e+00,4.526849245784849152e-01,0.000000000000000000e+00
0.000000000000000000e+00,4.236596822088905534e-01,0.000000000000000000e+00
0.000000000000000000e+00,3.945073419346334931e-01,0.000000000000000000e+00
0.000000000000000000e+00,3.652366494577960476e-01,0.000000000000000000e+00
0.000000000000000000e+00,3.358563859861212753e-01,0.000000000000000000e+00
0.000000000000000000e+00,3.063753655986506397e-01,0.000000000000000000e+00
0.000000000000000000e+00,2.768024326015004477e-01,0.000000000000000000e+00
0.000000000000000000e+00,2.471464588745697910e-01,0.000000000000000000e+00
0.000000000000000000e+00,2.174163412099767712e-01,0.000000000000000000e+00
0.000000000000000000e+00,1.876209986430207588e-01,0.000000000000000000e+00
0.000000000000000000e+00,1.577693697764718239e-01,0.000000000000000000e+00
0.000000000000000000e+00,1.278704100989899450e-01,0.000000000000000000e+00
0.000000000000000000e+00,9.793308929847838185e-02,0.000000000000000000e+00
0.000000000000000000e+00,6.796638857117727472e-02,0.000000000000000000e+00
0.000000000000000000e+00,3.797929792730481147e-02,0.000000000000000000e+00
0.000000000000000000e+00,7.980813494054158491e-03,0.000000000000000000e+00
0.000000000000000000e+00,-2.202006518324470946e-02,0.000000000000000000e+00
0.000000000000000000e+00,-5.201433784098860591e-02,0.000000000000000000e+00
0.000000000000000000e+00,-8.199300619738020268e-02,0.000000000000000000e+00
0.000000000000000000e+00,-1.119470766519125859e-01,0.000000000000000000e+00
0.000000000000000000e+00,-1.418675629834493801e-01,0.000000000000000000e+00
0.000000000000000000e+00,-1.717454890460911598e-01,0.000000000000000000e+00
0.000000000000000000e+00,-2.015718914620190927e-01,0.000000000000000000e+00
0.000000000000000000e+00,-2.313378223105084230e-01,0.000000000000000000e+00
0.000000000000000000e+00,-2.610343518123046103e-01,0.000000000000000000e+00
0.000000000000000000e+00,-2.906525710085571257e-01,0.000000000000000000e+00
0.000000000000000000e+00,-3.201835944335070794e-01,0.000000000000000000e+00
0.000000000000000000e+00,-3.496185627801269846e-01,0.000000000000000000e+00
0.000000000000000000e+00,-3.789486455579128554e-01,0.000000000000000000e+00
0.000000000000000000e+00,-4.081650437420313304e-01,0.000000000000000000e+00
0.000000000000000000e+00,-4.372589924130271810e-01,0.000000000000000000e+00
0.000000000000000000e+00,-4.662217633862991151e-01,0.000000000000000000e+00
0.000000000000000000e+00,-4.950446678305551740e-01,0.000000000000000000e+00
0.000000000000000000e+00,-5.237190588744620179e-01,0.000000000000000000e+00
0.000000000000000000e+00,-5.522363342007066134e-01,0.000000000000000000e+00
0.000000000000000000e+00,-5.805879386266910025e-01,0.000000000000000000e+00
0.000000000000000000e+00,-6.087653666710873823e-01,0.000000000000000000e+00
0.000000000000000000e+00,-6.367601651054823897e-01,0.000000000000000000e+00
0.000000000000000000e+00,-6.645639354903457585e-01,0.000000000000000000e+00
0.000000000000000000e+00,-6.921683366945620142e-01,0.000000000000000000e+00
0.000000000000000000e+00,-7.195650873977699202e-01,0.000000000000000000e+00
0.000000000000000000e+00,-7.467459685747585008e-01,0.000000000000000000e+00
0.000000000000000000e+00,-7.737028259611746783e-01,0.000000000000000000e+00
0.000000000000000000e+00,-8.004275724998024533e-01,0.000000000000000000e+00
0.000000000000000000e+00,-8.269121907666803217e-01,0.000000000000000000e+00
0.000000000000000000e+00,-8.531487353763281822e-01,0.000000000000000000e+00
0.000000000000000000e+00,-8.791293353653630849e-01,0.000000000000000000e+00
0.000000000000000000e+00,-9.048461965537883955e-01,0.000000000000000000e+00
0.000000000000000000e+00,-9.302916038832476087e-01,0.000000000000000000e+00
0.000000000000000000e+00,-9.554579237315418139e-01,0.000000000000000000e+00
0.000000000000000000e+00,-9.803376062027165938e-01,0.000000000000000000e+00
0.000000000000000000e+00,-1.004923187392030570e+00,0.000000000000000000e+00
0.000000000000000000e+00,-1.029207291625126919e+00,0.000000000000000000e+00
0.000000000000000000e+00,-1.053182633670735724e+00,0.000000000000000000e+00
0.000000000000000000e+00,-1.076842020926243260e+00,0.000000000000000000e+00
0.000000000000000000e+00,-1.100178355575472944e+00,0.000000000000000000e+00
0.000000000000000000e+00,-1.123184636718030038e+00,0.000000000000000000e+00
0.000000000000000000e+00,-1.145853962469571607e+00,0.000000000000000000e+00
0.000000000000000000e+00,-1.168179532032372459e+00,0.000000000000000000e+00
0.000000000000000000e+00,-1.190154647735563564e+00,0.000000000000000000e+00
0.000000000000000000e+00,-1.211772717044433900e+00,0.000000000000000000e+00
0.000000000000000000e+00,-1.233027254538191064e+00,0.000000000000000000e+00
0.000000000000000000e+00,-1.253911883855586717e+00,0.000000000000000000e+00
0.000000000000000000e+00,-1.274420339607825747e+00,0.000000000000000000e+00
0.000000000000000000e+00,-1.294546469258182286e+00,0.000000000000000000e+00
0.000000000000000000e+00,-1.314284234967761478e+00,0.000000000000000000e+00
0.000000000000000000e+00,-1.333627715406850323e+00,0.000000000000000000e+00
0.000000000000000000e+00,-1.352571107531317152e+00,0.000000000000000000e+00
0.000000000000000000e+00,-1.371108728323524595e+00,0.000000000000000000e+00
0.000000000000000000e+00,-1.389235016497234909e+00,0.000000000000000000e+00
0.000000000000000000e+00,-1.406944534165996075e+00,0.000000000000000000e+00
0.000000000000000000e+00,-1.424231968474507504e+00,0.000000000000000000e+00
0.000000000000000000e+00,-1.441092133192476421e+00,0.000000000000000000e+00
0.000000000000000000e+00,-1.457519970270487741e+00,0.000000000000000000e+00
0.000000000000000000e+00,-1.473510551357417819e+00,0.000000000000000000e+00
0.000000000000000000e+00,-1.489059079278940656e+00,0.000000000000000000e+00
0.000000000000000000e+00,-1.504160889476679808e+00,0.000000000000000000e+00
0.000000000000000000e+00,-1.518811451407575897e+00,0.000000000000000000e+00
0.000000000000000000e+00,-1.533006369903049837e+00,0.000000000000000000e+00
0.000000000000000000e+00,-1.546741386487552772e+00,0.000000000000000000e+00
0.000000000000000000e+00,-1.560012380656109476e+00,0.000000000000000000e+00
0.000000000000000000e+00,-1.572815371110469318e+00,0.000000000000000000e+00
0.000000000000000000e+00,-1.585146516953495954e+00,0.000000000000000000e+00
0.000000000000000000e+00,-1.597002118841436724e+00,0.000000000000000000e+00
0.000000000000000000e+00,-1.608378620093724898e+00,0.000000000000000000e+00
0.000000000000000000e+00,-1.619272607759985050e+00,0.000000000000000000e+00
0.000000000000000000e+00,-1.629680813643917148e+00,0.000000000000000000e+00
0.000000000000000000e+00,-1.639600115283756043e+00,0.000000000000000000e+00
0.000000000000000000e+00,-1.649027536889009937e+00,0.000000000000000000e+00
0.000000000000000000e+00,-1.657960250233197153e+00,0.000000000000000000e+00
0.000000000000000000e+00,-1.666395575502314319e+00,0.000000000000000000e+00
0.000000000000000000e+00,-1.674330982098780840e+00,0.000000000000000000e+00
0.000000000000000000e+00,-1.681764089400617612e+00,0.000000000000000000e+00
0.000000000000000000e+00,-1.688692667475634179e+00,0.000000000000000000e+00
0.000000000000000000e+00,-1.695114637750408271e+00,0.000000000000000000e+00
0.000000000000000000e+00,-1.701028073633857218e+00,0.000000000000000000e+00
0.000000000000000000e+00,-1.706431201095215844e+00,0.000000000000000000e+00
0.000000000000000000e+00,-1.711322399196246069e+00,0.000000000000000000e+00
0.000000000000000000e+00,-1.715700200577517265e+00,0.000000000000000000e+00
0.000000000000000000e+00,-1.719563291898615232e+00,0.000000000000000000e+00
0.000000000000000000e+00,-1.722910514232143697e+00,0.000000000000000000e+00
0.000000000000000000e+00,-1.725740863411402426e+00,0.000000000000000000e+00
0.000000000000000000e+00,-1.728053490331637798e+00,0.000000000000000000e+00
0.000000000000000000e+00,-1.729847701204773713e+00,0.000000000000000000e+00
0.000000000000000000e+00,-1.731122957767548209e+00,0.000000000000000000e+00
0.000000000000000000e+00,-1.731878877442992293e+00,0.000000000000000000e+00
0.000000000000000000e+00,-1.732115233455203462e+00,0.000000000000000000e+00
0.000000000000000000e+00,-1.731831954897378179e+00,0.000000000000000000e+00
0.000000000000000000e+00,-1.731029126753083736e+00,0.000000000000000000e+00
0.000000000000000000e+00,-1.729706989870763323e+00,0.000000000000000000e+00
0.000000000000000000e+00,-1.727865940891481600e+00,0.000000000000000000e+00
0.000000000000000000e+00,-1.725506532129932546e+00,0.000000000000000000e+00
0.000000000000000000e+00,-1.722629471408744450e+00,0.000000000000000000e+00
0.000000000000000000e+00,-1.719235621846133766e+00,0.000000000000000000e+00
0.000000000000000000e+00,-1.715326001596969130e+00,0.000000000000000000e+00
0.000000000000000000e+00,-1.710901783547325472e+00,0.000000000000000000e+00
0.000000000000000000e+00,-1.705964294962617700e+00,0.000000000000000000e+00
0.000000000000000000e+00,-1.700515017089420988e+00,0.000000000000000000e+00
0.000000000000000000e+00,-1.694555584711097573e+00,0.000000000000000000e+00
0.000000000000000000e+00,-1.688087785657360840e+00,0.000000000000000000e+00
0.000000000000000000e+00,-1.681113560267926799e+00,0.000000000000000000e+00
0.000000000000000000e+00,-1.673635000810412388e+00,0.000000000000000000e+00
0.000000000000000000e+00,-1.665654350852654897e+00,0.000000000000000000e+00
0.000000000000000000e+00,-1.657174004589641703e+00,0.000000000000000000e+00
0.000000000000000000e+00,-1.648196506125251481e+00,0.000000000000000000e+00
0.000000000000000000e+00,-1.638724548709023843e+00,0.000000000000000000e+00
0.000000000000000000e+00,-1.628760973928183420e+00,0.000000000000000000e+00
0.000000000000000000e+00,-1.618308770855164447e+00,0.000000000000000000e+00
